PRAGMA foreign_keys=OFF;
BEGIN TRANSACTION;
CREATE TABLE IF NOT EXISTS "django_migrations" ("id" integer NOT NULL PRIMARY KEY AUTOINCREMENT, "app" varchar(255) NOT NULL, "name" varchar(255) NOT NULL, "applied" datetime NOT NULL);
INSERT INTO django_migrations VALUES(1,'contenttypes','0001_initial','2025-10-12 10:34:13.942072');
INSERT INTO django_migrations VALUES(2,'contenttypes','0002_remove_content_type_name','2025-10-12 10:34:13.952934');
INSERT INTO django_migrations VALUES(3,'auth','0001_initial','2025-10-12 10:34:13.982367');
INSERT INTO django_migrations VALUES(4,'auth','0002_alter_permission_name_max_length','2025-10-12 10:34:13.995700');
INSERT INTO django_migrations VALUES(5,'auth','0003_alter_user_email_max_length','2025-10-12 10:34:14.005190');
INSERT INTO django_migrations VALUES(6,'auth','0004_alter_user_username_opts','2025-10-12 10:34:14.017549');
INSERT INTO django_migrations VALUES(7,'auth','0005_alter_user_last_login_null','2025-10-12 10:34:14.027047');
INSERT INTO django_migrations VALUES(8,'auth','0006_require_contenttypes_0002','2025-10-12 10:34:14.031606');
INSERT INTO django_migrations VALUES(9,'auth','0007_alter_validators_add_error_messages','2025-10-12 10:34:14.040311');
INSERT INTO django_migrations VALUES(10,'auth','0008_alter_user_username_max_length','2025-10-12 10:34:14.050393');
INSERT INTO django_migrations VALUES(11,'auth','0009_alter_user_last_name_max_length','2025-10-12 10:34:14.061266');
INSERT INTO django_migrations VALUES(12,'auth','0010_alter_group_name_max_length','2025-10-12 10:34:14.071875');
INSERT INTO django_migrations VALUES(13,'auth','0011_update_proxy_permissions','2025-10-12 10:34:14.085559');
INSERT INTO django_migrations VALUES(14,'auth','0012_alter_user_first_name_max_length','2025-10-12 10:34:14.095161');
INSERT INTO django_migrations VALUES(15,'users','0001_initial','2025-10-12 10:34:14.110648');
INSERT INTO django_migrations VALUES(16,'admin','0001_initial','2025-10-12 10:34:14.127653');
INSERT INTO django_migrations VALUES(17,'admin','0002_logentry_remove_auto_add','2025-10-12 10:34:14.144859');
INSERT INTO django_migrations VALUES(18,'admin','0003_logentry_add_action_flag_choices','2025-10-12 10:34:14.157698');
INSERT INTO django_migrations VALUES(19,'store','0001_initial','2025-10-12 10:34:14.187649');
INSERT INTO django_migrations VALUES(20,'cart','0001_initial','2025-10-12 10:34:14.197457');
INSERT INTO django_migrations VALUES(21,'cart','0002_initial','2025-10-12 10:34:14.252894');
INSERT INTO django_migrations VALUES(22,'coupons','0001_initial','2025-10-12 10:34:14.271337');
INSERT INTO django_migrations VALUES(23,'coupons','0002_initial','2025-10-12 10:34:14.283708');
INSERT INTO django_migrations VALUES(24,'reviews','0001_initial','2025-10-12 10:34:14.291889');
INSERT INTO django_migrations VALUES(25,'reviews','0002_initial','2025-10-12 10:34:14.323692');
INSERT INTO django_migrations VALUES(26,'sessions','0001_initial','2025-10-12 10:34:14.339865');
INSERT INTO django_migrations VALUES(27,'vendors','0001_initial','2025-10-12 10:34:14.354018');
INSERT INTO django_migrations VALUES(28,'store','0002_initial','2025-10-12 10:34:14.501887');
INSERT INTO django_migrations VALUES(29,'transaction','0001_initial','2025-10-12 10:34:14.522335');
INSERT INTO django_migrations VALUES(30,'cart','0003_cart_session_key_alter_cart_customer_and_more','2025-10-12 12:18:05.996438');
INSERT INTO django_migrations VALUES(31,'cart','0004_alter_cart_session_key','2025-10-20 05:13:18.174876');
INSERT INTO django_migrations VALUES(32,'cart','0005_remove_cartitem_price_at_addition_and_more','2025-10-22 06:20:49.968706');
INSERT INTO django_migrations VALUES(33,'cart','0006_cartitem_price_at_addition','2025-10-22 09:46:06.736643');
INSERT INTO django_migrations VALUES(34,'vendors','0002_remove_vendor_description_remove_vendor_name_and_more','2025-10-25 06:43:55.103494');
INSERT INTO django_migrations VALUES(35,'store','0003_order_status','2025-10-26 14:17:52.320370');
INSERT INTO django_migrations VALUES(36,'vendors','0003_alter_vendor_user','2025-10-26 14:17:52.353801');
INSERT INTO django_migrations VALUES(37,'authtoken','0001_initial','2025-11-03 08:46:39.982802');
INSERT INTO django_migrations VALUES(38,'authtoken','0002_auto_20160226_1747','2025-11-03 08:46:40.135165');
INSERT INTO django_migrations VALUES(39,'authtoken','0003_tokenproxy','2025-11-03 08:46:40.148116');
INSERT INTO django_migrations VALUES(40,'authtoken','0004_alter_tokenproxy_options','2025-11-03 08:46:40.156340');
INSERT INTO django_migrations VALUES(41,'store','0004_contactmessage_wishlist','2025-11-04 10:20:19.726616');
INSERT INTO django_migrations VALUES(42,'store','0005_orderitem_product_image_orderitem_product_name_and_more','2025-11-05 13:54:35.209023');
INSERT INTO django_migrations VALUES(43,'store','0006_order_carrier_order_delivered_at_order_last_updated_and_more','2025-11-06 08:49:04.622581');
INSERT INTO django_migrations VALUES(44,'store','0007_productimage','2025-11-06 11:47:24.926548');
INSERT INTO django_migrations VALUES(45,'cart','0007_rename_customer_wishlist_customer','2025-11-11 11:50:58.616189');
INSERT INTO django_migrations VALUES(46,'store','0008_category_hero_video','2025-11-11 11:50:58.628247');
INSERT INTO django_migrations VALUES(47,'store','0009_product_categories','2025-11-12 06:52:23.365183');
CREATE TABLE IF NOT EXISTS "django_content_type" ("id" integer NOT NULL PRIMARY KEY AUTOINCREMENT, "app_label" varchar(100) NOT NULL, "model" varchar(100) NOT NULL);
INSERT INTO django_content_type VALUES(1,'admin','logentry');
INSERT INTO django_content_type VALUES(2,'auth','permission');
INSERT INTO django_content_type VALUES(3,'auth','group');
INSERT INTO django_content_type VALUES(4,'contenttypes','contenttype');
INSERT INTO django_content_type VALUES(5,'sessions','session');
INSERT INTO django_content_type VALUES(6,'store','category');
INSERT INTO django_content_type VALUES(7,'store','customer');
INSERT INTO django_content_type VALUES(8,'store','order');
INSERT INTO django_content_type VALUES(9,'store','orderitem');
INSERT INTO django_content_type VALUES(10,'store','product');
INSERT INTO django_content_type VALUES(11,'store','shippingadderss');
INSERT INTO django_content_type VALUES(12,'cart','cart');
INSERT INTO django_content_type VALUES(13,'cart','cartitem');
INSERT INTO django_content_type VALUES(14,'cart','wishlist');
INSERT INTO django_content_type VALUES(15,'cart','wishlistitem');
INSERT INTO django_content_type VALUES(16,'transaction','transaction');
INSERT INTO django_content_type VALUES(17,'vendors','vendor');
INSERT INTO django_content_type VALUES(18,'reviews','review');
INSERT INTO django_content_type VALUES(19,'coupons','coupon');
INSERT INTO django_content_type VALUES(20,'coupons','ordercoupon');
INSERT INTO django_content_type VALUES(21,'users','customuser');
INSERT INTO django_content_type VALUES(22,'authtoken','token');
INSERT INTO django_content_type VALUES(23,'authtoken','tokenproxy');
INSERT INTO django_content_type VALUES(24,'store','contactmessage');
INSERT INTO django_content_type VALUES(25,'store','wishlist');
INSERT INTO django_content_type VALUES(26,'store','productimage');
CREATE TABLE IF NOT EXISTS "auth_group_permissions" ("id" integer NOT NULL PRIMARY KEY AUTOINCREMENT, "group_id" integer NOT NULL REFERENCES "auth_group" ("id") DEFERRABLE INITIALLY DEFERRED, "permission_id" integer NOT NULL REFERENCES "auth_permission" ("id") DEFERRABLE INITIALLY DEFERRED);
CREATE TABLE IF NOT EXISTS "auth_permission" ("id" integer NOT NULL PRIMARY KEY AUTOINCREMENT, "content_type_id" integer NOT NULL REFERENCES "django_content_type" ("id") DEFERRABLE INITIALLY DEFERRED, "codename" varchar(100) NOT NULL, "name" varchar(255) NOT NULL);
INSERT INTO auth_permission VALUES(1,1,'add_logentry','Can add log entry');
INSERT INTO auth_permission VALUES(2,1,'change_logentry','Can change log entry');
INSERT INTO auth_permission VALUES(3,1,'delete_logentry','Can delete log entry');
INSERT INTO auth_permission VALUES(4,1,'view_logentry','Can view log entry');
INSERT INTO auth_permission VALUES(5,2,'add_permission','Can add permission');
INSERT INTO auth_permission VALUES(6,2,'change_permission','Can change permission');
INSERT INTO auth_permission VALUES(7,2,'delete_permission','Can delete permission');
INSERT INTO auth_permission VALUES(8,2,'view_permission','Can view permission');
INSERT INTO auth_permission VALUES(9,3,'add_group','Can add group');
INSERT INTO auth_permission VALUES(10,3,'change_group','Can change group');
INSERT INTO auth_permission VALUES(11,3,'delete_group','Can delete group');
INSERT INTO auth_permission VALUES(12,3,'view_group','Can view group');
INSERT INTO auth_permission VALUES(13,4,'add_contenttype','Can add content type');
INSERT INTO auth_permission VALUES(14,4,'change_contenttype','Can change content type');
INSERT INTO auth_permission VALUES(15,4,'delete_contenttype','Can delete content type');
INSERT INTO auth_permission VALUES(16,4,'view_contenttype','Can view content type');
INSERT INTO auth_permission VALUES(17,5,'add_session','Can add session');
INSERT INTO auth_permission VALUES(18,5,'change_session','Can change session');
INSERT INTO auth_permission VALUES(19,5,'delete_session','Can delete session');
INSERT INTO auth_permission VALUES(20,5,'view_session','Can view session');
INSERT INTO auth_permission VALUES(21,6,'add_category','Can add category');
INSERT INTO auth_permission VALUES(22,6,'change_category','Can change category');
INSERT INTO auth_permission VALUES(23,6,'delete_category','Can delete category');
INSERT INTO auth_permission VALUES(24,6,'view_category','Can view category');
INSERT INTO auth_permission VALUES(25,7,'add_customer','Can add customer');
INSERT INTO auth_permission VALUES(26,7,'change_customer','Can change customer');
INSERT INTO auth_permission VALUES(27,7,'delete_customer','Can delete customer');
INSERT INTO auth_permission VALUES(28,7,'view_customer','Can view customer');
INSERT INTO auth_permission VALUES(29,8,'add_order','Can add order');
INSERT INTO auth_permission VALUES(30,8,'change_order','Can change order');
INSERT INTO auth_permission VALUES(31,8,'delete_order','Can delete order');
INSERT INTO auth_permission VALUES(32,8,'view_order','Can view order');
INSERT INTO auth_permission VALUES(33,9,'add_orderitem','Can add order item');
INSERT INTO auth_permission VALUES(34,9,'change_orderitem','Can change order item');
INSERT INTO auth_permission VALUES(35,9,'delete_orderitem','Can delete order item');
INSERT INTO auth_permission VALUES(36,9,'view_orderitem','Can view order item');
INSERT INTO auth_permission VALUES(37,10,'add_product','Can add product');
INSERT INTO auth_permission VALUES(38,10,'change_product','Can change product');
INSERT INTO auth_permission VALUES(39,10,'delete_product','Can delete product');
INSERT INTO auth_permission VALUES(40,10,'view_product','Can view product');
INSERT INTO auth_permission VALUES(41,11,'add_shippingadderss','Can add shipping adderss');
INSERT INTO auth_permission VALUES(42,11,'change_shippingadderss','Can change shipping adderss');
INSERT INTO auth_permission VALUES(43,11,'delete_shippingadderss','Can delete shipping adderss');
INSERT INTO auth_permission VALUES(44,11,'view_shippingadderss','Can view shipping adderss');
INSERT INTO auth_permission VALUES(45,12,'add_cart','Can add cart');
INSERT INTO auth_permission VALUES(46,12,'change_cart','Can change cart');
INSERT INTO auth_permission VALUES(47,12,'delete_cart','Can delete cart');
INSERT INTO auth_permission VALUES(48,12,'view_cart','Can view cart');
INSERT INTO auth_permission VALUES(49,13,'add_cartitem','Can add cart item');
INSERT INTO auth_permission VALUES(50,13,'change_cartitem','Can change cart item');
INSERT INTO auth_permission VALUES(51,13,'delete_cartitem','Can delete cart item');
INSERT INTO auth_permission VALUES(52,13,'view_cartitem','Can view cart item');
INSERT INTO auth_permission VALUES(53,14,'add_wishlist','Can add wishlist');
INSERT INTO auth_permission VALUES(54,14,'change_wishlist','Can change wishlist');
INSERT INTO auth_permission VALUES(55,14,'delete_wishlist','Can delete wishlist');
INSERT INTO auth_permission VALUES(56,14,'view_wishlist','Can view wishlist');
INSERT INTO auth_permission VALUES(57,15,'add_wishlistitem','Can add wishlist item');
INSERT INTO auth_permission VALUES(58,15,'change_wishlistitem','Can change wishlist item');
INSERT INTO auth_permission VALUES(59,15,'delete_wishlistitem','Can delete wishlist item');
INSERT INTO auth_permission VALUES(60,15,'view_wishlistitem','Can view wishlist item');
INSERT INTO auth_permission VALUES(61,16,'add_transaction','Can add transaction');
INSERT INTO auth_permission VALUES(62,16,'change_transaction','Can change transaction');
INSERT INTO auth_permission VALUES(63,16,'delete_transaction','Can delete transaction');
INSERT INTO auth_permission VALUES(64,16,'view_transaction','Can view transaction');
INSERT INTO auth_permission VALUES(65,17,'add_vendor','Can add vendor');
INSERT INTO auth_permission VALUES(66,17,'change_vendor','Can change vendor');
INSERT INTO auth_permission VALUES(67,17,'delete_vendor','Can delete vendor');
INSERT INTO auth_permission VALUES(68,17,'view_vendor','Can view vendor');
INSERT INTO auth_permission VALUES(69,18,'add_review','Can add review');
INSERT INTO auth_permission VALUES(70,18,'change_review','Can change review');
INSERT INTO auth_permission VALUES(71,18,'delete_review','Can delete review');
INSERT INTO auth_permission VALUES(72,18,'view_review','Can view review');
INSERT INTO auth_permission VALUES(73,19,'add_coupon','Can add coupon');
INSERT INTO auth_permission VALUES(74,19,'change_coupon','Can change coupon');
INSERT INTO auth_permission VALUES(75,19,'delete_coupon','Can delete coupon');
INSERT INTO auth_permission VALUES(76,19,'view_coupon','Can view coupon');
INSERT INTO auth_permission VALUES(77,20,'add_ordercoupon','Can add order coupon');
INSERT INTO auth_permission VALUES(78,20,'change_ordercoupon','Can change order coupon');
INSERT INTO auth_permission VALUES(79,20,'delete_ordercoupon','Can delete order coupon');
INSERT INTO auth_permission VALUES(80,20,'view_ordercoupon','Can view order coupon');
INSERT INTO auth_permission VALUES(81,21,'add_customuser','Can add user');
INSERT INTO auth_permission VALUES(82,21,'change_customuser','Can change user');
INSERT INTO auth_permission VALUES(83,21,'delete_customuser','Can delete user');
INSERT INTO auth_permission VALUES(84,21,'view_customuser','Can view user');
INSERT INTO auth_permission VALUES(85,22,'add_token','Can add Token');
INSERT INTO auth_permission VALUES(86,22,'change_token','Can change Token');
INSERT INTO auth_permission VALUES(87,22,'delete_token','Can delete Token');
INSERT INTO auth_permission VALUES(88,22,'view_token','Can view Token');
INSERT INTO auth_permission VALUES(89,23,'add_tokenproxy','Can add Token');
INSERT INTO auth_permission VALUES(90,23,'change_tokenproxy','Can change Token');
INSERT INTO auth_permission VALUES(91,23,'delete_tokenproxy','Can delete Token');
INSERT INTO auth_permission VALUES(92,23,'view_tokenproxy','Can view Token');
INSERT INTO auth_permission VALUES(93,24,'add_contactmessage','Can add contact message');
INSERT INTO auth_permission VALUES(94,24,'change_contactmessage','Can change contact message');
INSERT INTO auth_permission VALUES(95,24,'delete_contactmessage','Can delete contact message');
INSERT INTO auth_permission VALUES(96,24,'view_contactmessage','Can view contact message');
INSERT INTO auth_permission VALUES(97,25,'add_wishlist','Can add wishlist');
INSERT INTO auth_permission VALUES(98,25,'change_wishlist','Can change wishlist');
INSERT INTO auth_permission VALUES(99,25,'delete_wishlist','Can delete wishlist');
INSERT INTO auth_permission VALUES(100,25,'view_wishlist','Can view wishlist');
INSERT INTO auth_permission VALUES(101,26,'add_productimage','Can add product image');
INSERT INTO auth_permission VALUES(102,26,'change_productimage','Can change product image');
INSERT INTO auth_permission VALUES(103,26,'delete_productimage','Can delete product image');
INSERT INTO auth_permission VALUES(104,26,'view_productimage','Can view product image');
CREATE TABLE IF NOT EXISTS "auth_group" ("id" integer NOT NULL PRIMARY KEY AUTOINCREMENT, "name" varchar(150) NOT NULL UNIQUE);
CREATE TABLE IF NOT EXISTS "users_customuser" ("id" integer NOT NULL PRIMARY KEY AUTOINCREMENT, "password" varchar(128) NOT NULL, "last_login" datetime NULL, "is_superuser" bool NOT NULL, "username" varchar(150) NOT NULL UNIQUE, "first_name" varchar(150) NOT NULL, "last_name" varchar(150) NOT NULL, "email" varchar(254) NOT NULL, "is_staff" bool NOT NULL, "is_active" bool NOT NULL, "date_joined" datetime NOT NULL);
INSERT INTO users_customuser VALUES(6,'pbkdf2_sha256$1000000$eUE0K7h8YywK2X2O3ejc6z$tG4OYl5DSBc+brASFrYf0SMpSUi6fW83PcUszBq/r5s=','2025-11-13 10:57:50.825009',0,'rishad','','','ranjithkrpt@gmail.com',0,1,'2025-10-22 12:01:12.892234');
INSERT INTO users_customuser VALUES(16,'pbkdf2_sha256$1000000$xix4nxJxXHooEDPO0nWP12$q4Zg0i1iHO9HpWVUo2ax+djC++pbRSgw2la304nw1Ks=','2025-11-04 12:51:25.318174',0,'nyn','','','ranjithkrpsacdt@gmail.com',0,1,'2025-10-31 07:36:35.132722');
INSERT INTO users_customuser VALUES(23,'pbkdf2_sha256$1000000$mQrqzRKqa7IgWU4QLSAvFt$EdLFCJmSyg2ulhgCIl6vg8ZcTlDrqt4o6VYq8gNLnSY=','2025-11-13 05:58:07.738503',1,'adlib','','','ranjithkrpt@gmail.com',1,1,'2025-11-04 12:10:39.175494');
INSERT INTO users_customuser VALUES(24,'pbkdf2_sha256$1000000$jGuXdlavxsqM4S1hVJDYGn$nU2ETrNYKMoAcLUbYNDV0YgD62SRbBjfoqUPzf69Rcg=',NULL,0,'ranjith@gmail.com','Ranjith','','ranjith@gmail.com',0,1,'2025-11-04 12:16:54.745196');
INSERT INTO users_customuser VALUES(26,'pbkdf2_sha256$1000000$biGJHePwPb5sveEY6o2vvv$ffnzCkkhOSJ8O3mThh1+GU8kNWZ/ejhvNHuW/JvUk1I=','2025-11-13 12:10:33.404125',0,'ranjith','','','ranjithalp01@gmail.com',0,1,'2025-11-06 06:50:07.836472');
INSERT INTO users_customuser VALUES(28,'pbkdf2_sha256$1000000$7WkLF9ZmswsoJYOYe8ExdQ$Xj3jZo42sSennRCDeOaAq8+RQtur8qQdZPLyhFzmL8Q=','2025-11-07 07:53:52.580328',0,'melvin','','','melvin@gmail.com',0,1,'2025-11-07 07:53:49.664411');
INSERT INTO users_customuser VALUES(29,'pbkdf2_sha256$1000000$69H8HUcKwtewBj3WFHmLs2$4iBg88n/AaaDqFhdvb1FJE/Kg09tVKd6+1M455t9JGs=','2025-11-07 09:50:51.634754',0,'rashid','','','rashid@gmail.com',0,1,'2025-11-07 09:50:50.880636');
INSERT INTO users_customuser VALUES(30,'pbkdf2_sha256$1000000$A6M8rXwltGExO8kXlPL2BB$hqT3zH78UWu7e+MOeTcjTcvvr912UN+Hg1veVT1BEIU=','2025-11-11 06:04:46.284659',0,'lbracloths','','','libracloths@gmail.com',0,1,'2025-11-11 06:04:45.382885');
INSERT INTO users_customuser VALUES(31,'pbkdf2_sha256$1000000$DGCtDBDr5peVthfpbehTzn$8Pf6w7r/IX+SJTjo1LsGllqNgmcllFzsX6R6qBoPD20=','2025-11-12 07:41:28.039070',0,'libraelectronics','','','libraelectronics@gmail.com',0,1,'2025-11-11 12:12:07.607698');
INSERT INTO users_customuser VALUES(32,'pbkdf2_sha256$1000000$Rj6XoCuxvtpwF09hAf8iyh$ZSMXQvacxl9g3zFjr9ADCiwhzj1zOXDhVTxh81C6P8s=','2025-11-12 07:43:49.557128',0,'librafootweare','','','librafootwear@gmail.com',0,1,'2025-11-12 04:52:07.801823');
INSERT INTO users_customuser VALUES(33,'pbkdf2_sha256$1000000$bhgcZmPu8pS7a0atWbdoZF$x9pOi0vQTqutiHQoyUVAuhaRjWwRBC6CLTsyC46dMcU=','2025-11-12 06:30:47.279324',0,'libraaudio','','','libraaudio@gmail.com',0,1,'2025-11-12 06:30:46.531211');
INSERT INTO users_customuser VALUES(34,'pbkdf2_sha256$1000000$apLnwsNQH6JSClL6PiNquo$A65/T6ADgUsw3NSsUGHF2/Iy1Xx9KzPTzsXiw3Hztk0=','2025-11-12 12:49:51.193366',0,'libraperfume','','','libraperfume@gmail.com',0,1,'2025-11-12 09:11:09.757392');
INSERT INTO users_customuser VALUES(35,'pbkdf2_sha256$1000000$KcJpTO9JayTQ1QlVV7tbz0$blht9+4RKumDfd+BwwcUZbRU0yxnfpCCBCA8RHchkG0=','2025-11-12 13:02:03.838244',0,'librawhatches','','','librawhatches@gmail.com',0,1,'2025-11-12 13:02:03.105431');
CREATE TABLE IF NOT EXISTS "users_customuser_groups" ("id" integer NOT NULL PRIMARY KEY AUTOINCREMENT, "customuser_id" bigint NOT NULL REFERENCES "users_customuser" ("id") DEFERRABLE INITIALLY DEFERRED, "group_id" integer NOT NULL REFERENCES "auth_group" ("id") DEFERRABLE INITIALLY DEFERRED);
CREATE TABLE IF NOT EXISTS "users_customuser_user_permissions" ("id" integer NOT NULL PRIMARY KEY AUTOINCREMENT, "customuser_id" bigint NOT NULL REFERENCES "users_customuser" ("id") DEFERRABLE INITIALLY DEFERRED, "permission_id" integer NOT NULL REFERENCES "auth_permission" ("id") DEFERRABLE INITIALLY DEFERRED);
CREATE TABLE IF NOT EXISTS "django_admin_log" ("id" integer NOT NULL PRIMARY KEY AUTOINCREMENT, "object_id" text NULL, "object_repr" varchar(200) NOT NULL, "action_flag" smallint unsigned NOT NULL CHECK ("action_flag" >= 0), "change_message" text NOT NULL, "content_type_id" integer NULL REFERENCES "django_content_type" ("id") DEFERRABLE INITIALLY DEFERRED, "user_id" bigint NOT NULL REFERENCES "users_customuser" ("id") DEFERRABLE INITIALLY DEFERRED, "action_time" datetime NOT NULL);
INSERT INTO django_admin_log VALUES(18,'7','ecom',3,'',21,23,'2025-11-04 12:11:22.274542');
INSERT INTO django_admin_log VALUES(19,'5','libra',3,'',21,23,'2025-11-04 12:11:31.288249');
INSERT INTO django_admin_log VALUES(20,'19','newuser@test.com',3,'',21,23,'2025-11-04 12:11:38.076764');
INSERT INTO django_admin_log VALUES(21,'11','raman',3,'',21,23,'2025-11-04 12:12:00.075679');
INSERT INTO django_admin_log VALUES(22,'12','raman123',3,'',21,23,'2025-11-04 12:12:06.751903');
INSERT INTO django_admin_log VALUES(23,'1','ranjith',3,'',21,23,'2025-11-04 12:12:15.992150');
INSERT INTO django_admin_log VALUES(24,'10','ranjithkrpt',3,'',21,23,'2025-11-04 12:12:22.525092');
INSERT INTO django_admin_log VALUES(25,'21','ranjvvgfgith@gmail.com',3,'',21,23,'2025-11-04 12:12:34.357014');
INSERT INTO django_admin_log VALUES(26,'8','rishad1',3,'',21,23,'2025-11-04 12:12:47.607027');
INSERT INTO django_admin_log VALUES(27,'9','rishad123',3,'',21,23,'2025-11-04 12:12:55.154937');
INSERT INTO django_admin_log VALUES(28,'13','rishad124323532',3,'',21,23,'2025-11-04 12:13:01.812023');
INSERT INTO django_admin_log VALUES(29,'14','rishad34sef',3,'',21,23,'2025-11-04 12:13:07.420403');
INSERT INTO django_admin_log VALUES(30,'18','test@example.com',3,'',21,23,'2025-11-04 12:13:13.779612');
INSERT INTO django_admin_log VALUES(31,'20','testuser123@example.com',3,'',21,23,'2025-11-04 12:13:20.147887');
INSERT INTO django_admin_log VALUES(32,'17','think',3,'',21,23,'2025-11-04 12:13:28.811859');
INSERT INTO django_admin_log VALUES(33,'2','user',3,'',21,23,'2025-11-04 12:13:39.065875');
INSERT INTO django_admin_log VALUES(34,'3','user1',3,'',21,23,'2025-11-04 12:13:55.074311');
INSERT INTO django_admin_log VALUES(35,'16','nyn',2,'[{"changed": {"fields": ["password"]}}]',21,23,'2025-11-04 12:15:31.593174');
INSERT INTO django_admin_log VALUES(36,'2','Category object (2)',1,'[{"added": {}}]',6,23,'2025-11-04 12:37:04.543894');
INSERT INTO django_admin_log VALUES(37,'3','Category object (3)',1,'[{"added": {}}]',6,23,'2025-11-04 12:37:48.128400');
INSERT INTO django_admin_log VALUES(38,'4','Category object (4)',1,'[{"added": {}}]',6,23,'2025-11-04 12:39:15.082044');
INSERT INTO django_admin_log VALUES(39,'5','Category object (5)',1,'[{"added": {}}]',6,23,'2025-11-04 12:39:27.396458');
INSERT INTO django_admin_log VALUES(40,'6','Category object (6)',1,'[{"added": {}}]',6,23,'2025-11-04 12:41:39.181439');
INSERT INTO django_admin_log VALUES(41,'7','Category object (7)',1,'[{"added": {}}]',6,23,'2025-11-04 12:41:46.175510');
INSERT INTO django_admin_log VALUES(42,'25','user1',3,'',21,23,'2025-11-05 13:20:15.132936');
INSERT INTO django_admin_log VALUES(43,'26','ranjith',2,'[{"changed": {"fields": ["password"]}}]',21,23,'2025-11-08 04:40:18.196196');
INSERT INTO django_admin_log VALUES(44,'10','Bluetooth Speaker',2,'[{"changed": {"fields": ["Image"]}}]',10,23,'2025-11-08 10:33:55.647569');
INSERT INTO django_admin_log VALUES(45,'10','Bluetooth Speaker',2,'[{"changed": {"fields": ["Image"]}}]',10,23,'2025-11-08 10:35:03.816202');
INSERT INTO django_admin_log VALUES(46,'1','Coupon object (1)',1,'[{"added": {}}]',19,23,'2025-11-08 13:01:51.761205');
INSERT INTO django_admin_log VALUES(47,'2','Coupon object (2)',1,'[{"added": {}}]',19,23,'2025-11-08 13:56:36.135777');
INSERT INTO django_admin_log VALUES(48,'27','27',2,'[{"changed": {"fields": ["Tracking number", "Carrier", "Tracking stage", "Shipped at", "Delivered at"]}}]',8,23,'2025-11-11 05:37:35.313137');
INSERT INTO django_admin_log VALUES(49,'27','27',2,'[{"changed": {"fields": ["Tracking stage"]}}]',8,23,'2025-11-11 05:39:33.387957');
INSERT INTO django_admin_log VALUES(50,'27','27',2,'[{"changed": {"fields": ["Tracking stage"]}}]',8,23,'2025-11-11 05:39:57.846330');
INSERT INTO django_admin_log VALUES(51,'27','27',2,'[{"changed": {"fields": ["Tracking stage"]}}]',8,23,'2025-11-11 05:40:11.274479');
INSERT INTO django_admin_log VALUES(52,'27','27',2,'[{"changed": {"fields": ["Tracking stage"]}}]',8,23,'2025-11-11 05:40:27.534597');
INSERT INTO django_admin_log VALUES(53,'27','27',2,'[{"changed": {"fields": ["Status"]}}]',8,23,'2025-11-11 05:40:50.119661');
INSERT INTO django_admin_log VALUES(54,'27','27',2,'[{"changed": {"fields": ["Status"]}}]',8,23,'2025-11-11 05:41:06.042164');
INSERT INTO django_admin_log VALUES(55,'1','1',2,'[]',8,23,'2025-11-11 05:41:45.386575');
INSERT INTO django_admin_log VALUES(56,'9','Palace',3,'',17,23,'2025-11-11 05:52:44.211509');
INSERT INTO django_admin_log VALUES(57,'11','Vendor Store',2,'[]',17,23,'2025-11-11 05:52:49.990754');
INSERT INTO django_admin_log VALUES(58,'11','Vendor Store',3,'',17,23,'2025-11-11 05:59:49.704922');
INSERT INTO django_admin_log VALUES(59,'27','vendor',3,'',21,23,'2025-11-11 06:00:36.717651');
INSERT INTO django_admin_log VALUES(60,'2','Category object (2)',3,'',6,23,'2025-11-11 06:45:38.612182');
INSERT INTO django_admin_log VALUES(61,'4','Category object (4)',3,'',6,23,'2025-11-11 11:52:21.448261');
INSERT INTO django_admin_log VALUES(62,'7','Category object (7)',2,'[{"changed": {"fields": ["Name"]}}]',6,23,'2025-11-11 11:54:06.215022');
INSERT INTO django_admin_log VALUES(63,'8','Category object (8)',1,'[{"added": {}}]',6,23,'2025-11-11 11:56:46.261078');
INSERT INTO django_admin_log VALUES(64,'7','Category object (7)',2,'[{"changed": {"fields": ["Slug", "Hero video"]}}]',6,23,'2025-11-12 05:30:51.125105');
INSERT INTO django_admin_log VALUES(65,'48','Wired HeadPhone',2,'[{"changed": {"fields": ["Name"]}}]',10,23,'2025-11-12 07:37:25.981209');
INSERT INTO django_admin_log VALUES(66,'8','Category object (8)',2,'[{"changed": {"fields": ["Hero video"]}}]',6,23,'2025-11-12 15:48:12.248128');
INSERT INTO django_admin_log VALUES(67,'5','Category object (5)',2,'[{"changed": {"fields": ["Hero video"]}}]',6,23,'2025-11-12 15:56:36.558602');
INSERT INTO django_admin_log VALUES(68,'21','MacBook Pro 14',2,'[{"changed": {"fields": ["Available"]}}]',10,23,'2025-11-12 16:15:05.008020');
INSERT INTO django_admin_log VALUES(69,'6','Category object (6)',2,'[{"changed": {"fields": ["Hero video"]}}]',6,23,'2025-11-12 16:46:20.691524');
INSERT INTO django_admin_log VALUES(70,'6','Category object (6)',2,'[{"changed": {"fields": ["Hero video"]}}]',6,23,'2025-11-12 16:46:51.502101');
CREATE TABLE IF NOT EXISTS "store_category" ("id" integer NOT NULL PRIMARY KEY AUTOINCREMENT, "name" varchar(100) NOT NULL UNIQUE, "slug" varchar(100) NOT NULL UNIQUE, "hero_video" varchar(100) NULL);
INSERT INTO store_category VALUES(1,'Music Systems','music-systems','videos/categories/Headphone_3D_Product_Advertisement_by_Aakash.mp4');
INSERT INTO store_category VALUES(3,'Electronics','electronics','videos/categories/MacBook_Pro_M4_Reveal_4K.mp4');
INSERT INTO store_category VALUES(5,'Watches','watches','videos/categories/Rolex_Day-Date__Decorative_stone_dials.mp4');
INSERT INTO store_category VALUES(6,'Mens','mens','videos/categories/RALPH_LAUREN___Purple_Label_Spring_2022.mp4');
INSERT INTO store_category VALUES(7,'Foot Wear','footwear','videos/categories/LIBRA_Footwear_Cinematic_Advertisement_Video.mp4');
INSERT INTO store_category VALUES(8,'Perfume','perfume','videos/categories/videoplayback.webm');
CREATE TABLE IF NOT EXISTS "store_orderitem" ("id" integer NOT NULL PRIMARY KEY AUTOINCREMENT, "quantity" integer NULL, "date_added" datetime NOT NULL, "order_id" bigint NULL REFERENCES "store_order" ("id") DEFERRABLE INITIALLY DEFERRED, "product_id" bigint NULL REFERENCES "store_product" ("id") DEFERRABLE INITIALLY DEFERRED, "product_image" varchar(500) NULL, "product_name" varchar(255) NULL, "product_price" decimal NULL);
INSERT INTO store_orderitem VALUES(1,6,'2025-10-13 12:08:50.480191',1,NULL,NULL,NULL,NULL);
INSERT INTO store_orderitem VALUES(2,1,'2025-10-13 12:12:16.429756',2,NULL,NULL,NULL,NULL);
INSERT INTO store_orderitem VALUES(3,1,'2025-10-13 12:12:43.604090',3,NULL,NULL,NULL,NULL);
INSERT INTO store_orderitem VALUES(4,1,'2025-10-13 12:31:42.044609',4,NULL,NULL,NULL,NULL);
INSERT INTO store_orderitem VALUES(5,1,'2025-10-15 06:28:55.853878',5,NULL,NULL,NULL,NULL);
INSERT INTO store_orderitem VALUES(6,3,'2025-10-15 06:31:13.066109',6,NULL,NULL,NULL,NULL);
INSERT INTO store_orderitem VALUES(7,6,'2025-10-15 12:27:39.016903',7,NULL,NULL,NULL,NULL);
INSERT INTO store_orderitem VALUES(8,1,'2025-10-16 10:03:54.752910',8,NULL,NULL,NULL,NULL);
INSERT INTO store_orderitem VALUES(9,1,'2025-10-16 10:08:42.626880',9,NULL,NULL,NULL,NULL);
INSERT INTO store_orderitem VALUES(10,1,'2025-10-16 10:15:10.350635',10,NULL,NULL,NULL,NULL);
INSERT INTO store_orderitem VALUES(11,4,'2025-10-16 10:17:20.956941',11,NULL,NULL,NULL,NULL);
INSERT INTO store_orderitem VALUES(12,1,'2025-10-16 10:23:04.727801',12,NULL,NULL,NULL,NULL);
INSERT INTO store_orderitem VALUES(13,1,'2025-10-16 10:37:58.670364',13,NULL,NULL,NULL,NULL);
INSERT INTO store_orderitem VALUES(14,1,'2025-10-17 07:56:59.180347',14,NULL,NULL,NULL,NULL);
INSERT INTO store_orderitem VALUES(15,2,'2025-10-18 06:35:52.864475',15,NULL,NULL,NULL,NULL);
INSERT INTO store_orderitem VALUES(16,44,'2025-11-03 10:48:38.288458',16,NULL,NULL,NULL,NULL);
INSERT INTO store_orderitem VALUES(17,2,'2025-11-03 10:48:38.297089',16,NULL,NULL,NULL,NULL);
INSERT INTO store_orderitem VALUES(18,1,'2025-11-03 10:50:30.473240',17,NULL,NULL,NULL,NULL);
INSERT INTO store_orderitem VALUES(19,1,'2025-11-04 12:33:11.311451',18,NULL,NULL,NULL,NULL);
INSERT INTO store_orderitem VALUES(20,1,'2025-11-04 13:39:48.705573',19,NULL,NULL,NULL,NULL);
INSERT INTO store_orderitem VALUES(21,4,'2025-11-04 13:39:48.715001',19,NULL,NULL,NULL,NULL);
INSERT INTO store_orderitem VALUES(22,3,'2025-11-07 09:47:54.426507',20,NULL,'/media/products/25/11/03/1759753164196_I759W72.jpg','T-shirt',3425);
INSERT INTO store_orderitem VALUES(23,1,'2025-11-07 09:49:36.638319',21,NULL,'/media/products/25/11/04/MUVX3-removebg-preview.png','Ear Pod',454.449999999999988);
INSERT INTO store_orderitem VALUES(24,1,'2025-11-07 09:52:09.009203',22,NULL,'/media/products/25/11/04/Headphone-zone-focal-hadenys-galleryimage1-removebg-preview.png','Head Phone',4895.22999999999956);
INSERT INTO store_orderitem VALUES(25,1,'2025-11-08 04:56:23.778773',23,NULL,'/media/products/25/11/04/Headphone-zone-focal-hadenys-galleryimage1-removebg-preview.png','Head Phone',4895.22999999999956);
INSERT INTO store_orderitem VALUES(26,2,'2025-11-08 04:56:23.788843',23,NULL,'/media/products/25/11/03/1759753164196_I759W72.jpg','T-shirt',3425);
INSERT INTO store_orderitem VALUES(27,1,'2025-11-08 05:12:57.638555',24,NULL,'/media/products/25/11/03/1759753164196_I759W72.jpg','T-shirt',3425);
INSERT INTO store_orderitem VALUES(28,1,'2025-11-09 06:02:09.498643',25,NULL,'/media/products/25/11/03/1759753164196_I759W72.jpg','T-shirt',3425);
INSERT INTO store_orderitem VALUES(29,2,'2025-11-09 06:02:09.505564',25,NULL,'/media/products/25/11/04/Headphone-zone-focal-hadenys-galleryimage1-removebg-preview.png','Head Phone',4895.22999999999956);
INSERT INTO store_orderitem VALUES(30,1,'2025-11-09 06:08:58.235188',26,NULL,'/media/products/25/11/04/MUVX3-removebg-preview.png','Ear Pod',454.449999999999988);
INSERT INTO store_orderitem VALUES(31,1,'2025-11-11 04:29:25.051118',27,NULL,'/media/products/25/11/08/images-removebg-preview_SOoAOQ8.png','Bluetooth Speaker',245.340000000000003);
INSERT INTO store_orderitem VALUES(32,1,'2025-11-13 12:12:19.350131',28,40,'/media/products/25/11/12/shoe3.webp','Pure White Casual Shoes ',2569);
INSERT INTO store_orderitem VALUES(33,1,'2025-11-13 12:40:27.919300',29,18,'/media/products/25/11/11/LOOSE-M-PANTS-F25.webp','Jacket For Mens',3455.5300000000002);
INSERT INTO store_orderitem VALUES(34,1,'2025-11-13 13:05:01.731127',30,28,'/media/products/25/11/11/samsung_s25.png','Samsung S25',90000);
CREATE TABLE IF NOT EXISTS "store_shippingadderss" ("id" integer NOT NULL PRIMARY KEY AUTOINCREMENT, "address" varchar(200) NOT NULL, "city" varchar(200) NOT NULL, "state" varchar(200) NOT NULL, "zipcode" varchar(200) NOT NULL, "date_added" date NOT NULL, "custamer_id" bigint NULL REFERENCES "store_customer" ("id") DEFERRABLE INITIALLY DEFERRED, "order_id" bigint NULL REFERENCES "store_order" ("id") DEFERRABLE INITIALLY DEFERRED);
INSERT INTO store_shippingadderss VALUES(1,'casc','zcdsvsd','dvvsv','353453','2025-10-13',NULL,1);
INSERT INTO store_shippingadderss VALUES(2,'acadc','ascadscs','dacdscad','234234','2025-10-13',NULL,2);
INSERT INTO store_shippingadderss VALUES(3,'sfsv','vsvs','svf d','34244','2025-10-13',NULL,3);
INSERT INTO store_shippingadderss VALUES(4,'sdsd','xvxzc','xc xzc','3434','2025-10-13',NULL,4);
INSERT INTO store_shippingadderss VALUES(5,'ranjith','favav','acadcadca','242354','2025-10-15',NULL,5);
INSERT INTO store_shippingadderss VALUES(6,'sdfsv','svfvervsa','sghtdfbd','345452','2025-10-15',NULL,6);
INSERT INTO store_shippingadderss VALUES(7,'sfge','fvdef','dgbdgbdf','7656','2025-10-15',NULL,7);
INSERT INTO store_shippingadderss VALUES(8,'assd','svsfv','sfvfdsv','35645','2025-10-16',NULL,8);
INSERT INTO store_shippingadderss VALUES(9,'India','vsvs','acadcadca','242354','2025-10-16',NULL,9);
INSERT INTO store_shippingadderss VALUES(10,'acadc','ascadscs','svf d','234234','2025-10-16',NULL,10);
INSERT INTO store_shippingadderss VALUES(11,'acadc','vsvs','xc xzc','234234','2025-10-16',NULL,11);
INSERT INTO store_shippingadderss VALUES(12,'India','xvxzc','dacdscad','34244','2025-10-16',NULL,12);
INSERT INTO store_shippingadderss VALUES(13,'casc','xvxzc','acadcadca','3434','2025-10-16',NULL,13);
INSERT INTO store_shippingadderss VALUES(14,'sfsv','xvxzc','svf d','3434','2025-10-17',NULL,14);
INSERT INTO store_shippingadderss VALUES(15,'vsvs','wrsv','svs','34244','2025-10-18',NULL,15);
INSERT INTO store_shippingadderss VALUES(16,'acadc','zcdsvsd','sghtdfbd','353453','2025-10-20',NULL,NULL);
INSERT INTO store_shippingadderss VALUES(17,'India','vsvs','xc xzc','345452','2025-10-20',NULL,NULL);
INSERT INTO store_shippingadderss VALUES(18,'casc','ascadscs','dvvsv','3434','2025-10-22',NULL,NULL);
INSERT INTO store_shippingadderss VALUES(19,'casc','ascadscs','dvvsv','3434','2025-10-22',NULL,NULL);
INSERT INTO store_shippingadderss VALUES(20,'acadc','xvxzc','xecsdcsc','345452','2025-10-22',NULL,NULL);
INSERT INTO store_shippingadderss VALUES(21,'sfsv','ascadscs','dacdscad','34244','2025-10-22',NULL,NULL);
INSERT INTO store_shippingadderss VALUES(22,'sfsv','vsvs','sghtdfbd','345452','2025-10-22',NULL,NULL);
INSERT INTO store_shippingadderss VALUES(23,'fssa','vsvs','svf d','242354','2025-10-22',NULL,NULL);
INSERT INTO store_shippingadderss VALUES(24,'acadc','ascadscs','acadcadca','242354','2025-10-22',NULL,NULL);
INSERT INTO store_shippingadderss VALUES(25,'casc','vsvs','sghtdfbd','353453','2025-10-22',NULL,NULL);
INSERT INTO store_shippingadderss VALUES(26,'dvsdvs','sswdvsdv','svcsdvs','23243','2025-10-23',NULL,NULL);
INSERT INTO store_shippingadderss VALUES(27,'dvsdvs','sswdvsdv','svcsdvs','23243','2025-10-23',NULL,NULL);
INSERT INTO store_shippingadderss VALUES(28,'dvsdvs','sswdvsdv','svcsdvs','23243','2025-10-23',NULL,NULL);
INSERT INTO store_shippingadderss VALUES(29,'dvsdvs','sswdvsdv','svcsdvs','23243','2025-10-23',NULL,NULL);
INSERT INTO store_shippingadderss VALUES(30,'dvsdvs','sswdvsdv','svcsdvs','23243','2025-10-23',NULL,NULL);
INSERT INTO store_shippingadderss VALUES(31,'dvsdvs','sswdvsdv','svcsdvs','23243','2025-10-23',NULL,NULL);
INSERT INTO store_shippingadderss VALUES(32,'dvsdvs','sswdvsdv','svcsdvs','23243','2025-10-23',NULL,NULL);
INSERT INTO store_shippingadderss VALUES(33,'dvsdvs','sswdvsdv','svcsdvs','23243','2025-10-23',NULL,NULL);
INSERT INTO store_shippingadderss VALUES(34,'dvsdvs','sswdvsdv','svcsdvs','23243','2025-10-23',NULL,NULL);
INSERT INTO store_shippingadderss VALUES(35,'dvsdvs','sswdvsdv','svcsdvs','23243','2025-10-23',NULL,NULL);
INSERT INTO store_shippingadderss VALUES(36,'dvsdvs','sswdvsdv','svcsdvs','23243','2025-10-23',NULL,NULL);
INSERT INTO store_shippingadderss VALUES(37,'dvsdvs','sswdvsdv','svcsdvs','23243','2025-10-23',NULL,NULL);
INSERT INTO store_shippingadderss VALUES(38,'dvsdvs','sswdvsdv','svcsdvs','23243','2025-10-23',NULL,NULL);
INSERT INTO store_shippingadderss VALUES(39,'dvsdvs','sswdvsdv','svcsdvs','23243','2025-10-24',NULL,NULL);
INSERT INTO store_shippingadderss VALUES(40,'dvsdvs','sswdvsdv','svcsdvs','23243','2025-10-30',NULL,NULL);
INSERT INTO store_shippingadderss VALUES(41,'dvsdvs','sswdvsdv','svcsdvs','23243','2025-10-31',NULL,NULL);
INSERT INTO store_shippingadderss VALUES(42,'dvsdvs','sswdvsdv','svcsdvs','23243','2025-11-01',NULL,NULL);
INSERT INTO store_shippingadderss VALUES(43,'dvsdvs','sswdvsdv','svcsdvs','23243','2025-11-02',NULL,NULL);
INSERT INTO store_shippingadderss VALUES(44,'dvsdvs','sswdvsdv','svcsdvs','87687t87','2025-11-02',NULL,NULL);
INSERT INTO store_shippingadderss VALUES(45,'dvsdvs','sswdvsdv','svcsdvs','87687t87','2025-11-02',NULL,NULL);
INSERT INTO store_shippingadderss VALUES(46,'dvsdvs','sswdvsdv','svcsdvs','23243','2025-11-03',NULL,NULL);
INSERT INTO store_shippingadderss VALUES(47,'dvsdvs','sswdvsdv','svcsdvs','87687t87','2025-11-03',NULL,NULL);
INSERT INTO store_shippingadderss VALUES(48,'Tgvfggv','Dygvhbv','Vfngffh','858545','2025-11-03',NULL,16);
INSERT INTO store_shippingadderss VALUES(49,'Vggg','Uhggv','Ggbv','95985','2025-11-03',NULL,17);
INSERT INTO store_shippingadderss VALUES(50,'effsvd','vdsvsdv','snj vjhsdb','45363','2025-11-03',NULL,NULL);
INSERT INTO store_shippingadderss VALUES(51,'dvsdvs','sswdvsdv','svcsdvs','785','2025-11-03',NULL,NULL);
INSERT INTO store_shippingadderss VALUES(52,'dvsdvs','sswdvsdv','svcsdvs','785','2025-11-04',NULL,NULL);
INSERT INTO store_shippingadderss VALUES(53,'effsvd','vdsvsdv','snj vjhsdb','87687t87','2025-11-04',NULL,NULL);
INSERT INTO store_shippingadderss VALUES(54,'dcdscwed','ecwdc','cwecw','3424343','2025-11-04',NULL,NULL);
INSERT INTO store_shippingadderss VALUES(55,'kuruppath','Malappuram','Kerala','679357','2025-11-04',NULL,NULL);
INSERT INTO store_shippingadderss VALUES(56,'kuruppath','Malappuram','Kerala','679357','2025-11-04',NULL,NULL);
INSERT INTO store_shippingadderss VALUES(57,'kuruppath','Malappuram','Kerala','679357','2025-11-04',NULL,NULL);
INSERT INTO store_shippingadderss VALUES(58,'kuruppath','Malappuram','Kerala','679357','2025-11-04',NULL,NULL);
INSERT INTO store_shippingadderss VALUES(59,'kuruppath','Malappuram','Kerala','679357','2025-11-04',NULL,NULL);
INSERT INTO store_shippingadderss VALUES(60,'kuruppath','Malappuram','Kerala','679357','2025-11-04',NULL,NULL);
INSERT INTO store_shippingadderss VALUES(61,'Aliparamba ','Malappuram ','Kerala','679357','2025-11-04',22,18);
INSERT INTO store_shippingadderss VALUES(62,'kuruppath','Malappuram','Kerala','679357','2025-11-04',NULL,NULL);
INSERT INTO store_shippingadderss VALUES(63,'Ranjith','Malappuram ','Kerala ','679357','2025-11-04',22,19);
INSERT INTO store_shippingadderss VALUES(64,'India','zcdsvsd','acadcadca','242354','2025-11-05',NULL,NULL);
INSERT INTO store_shippingadderss VALUES(65,'sfsv','ascadscs','svf d','345452','2025-11-05',NULL,NULL);
INSERT INTO store_shippingadderss VALUES(66,'casc','ascadscs','svf d','234234','2025-11-05',NULL,NULL);
INSERT INTO store_shippingadderss VALUES(67,'casc','ascadscs','svf d','234234','2025-11-05',NULL,NULL);
INSERT INTO store_shippingadderss VALUES(68,'casc','ascadscs','svf d','234234','2025-11-05',NULL,NULL);
INSERT INTO store_shippingadderss VALUES(69,'sdsd','xvxzc','dacdscad','242354','2025-11-05',NULL,NULL);
INSERT INTO store_shippingadderss VALUES(70,'effsvd','sswdvsdv','snj vjhsdb','45363','2025-11-06',NULL,NULL);
INSERT INTO store_shippingadderss VALUES(71,'dvsdvs','vdsvsdv','svcsdvs','45363','2025-11-06',NULL,NULL);
INSERT INTO store_shippingadderss VALUES(72,'effsvd','sswdvsdv','snj vjhsdb','45363','2025-11-06',NULL,NULL);
INSERT INTO store_shippingadderss VALUES(73,'dvsdvs','sswdvsdv','snj vjhsdb','45363','2025-11-06',NULL,NULL);
INSERT INTO store_shippingadderss VALUES(74,'dvsdvs','vdsvsdv','svcsdvs','87687t87','2025-11-06',NULL,NULL);
INSERT INTO store_shippingadderss VALUES(75,'effsvd','vdsvsdv','svcsdvs','87687t87','2025-11-06',NULL,NULL);
INSERT INTO store_shippingadderss VALUES(76,'Malapuram','Perinthalmana','Kerala','679357','2025-11-06',NULL,NULL);
INSERT INTO store_shippingadderss VALUES(77,'Malapuram','Perinthalmana','Kerala','679357','2025-11-06',NULL,NULL);
INSERT INTO store_shippingadderss VALUES(78,'Malapuram','Perinthalmana','Kerala','679357','2025-11-06',NULL,NULL);
INSERT INTO store_shippingadderss VALUES(79,'Perinthalmanna','Malappuram','Kerala','679357','2025-11-07',NULL,NULL);
INSERT INTO store_shippingadderss VALUES(80,'India','Malappuram','Kerala','679357','2025-11-07',NULL,NULL);
INSERT INTO store_shippingadderss VALUES(81,'India','Malappuram','Kerala','234234','2025-11-07',NULL,NULL);
INSERT INTO store_shippingadderss VALUES(82,'sfsv','zcdsvsd','sghtdfbd','34244','2025-11-07',NULL,NULL);
INSERT INTO store_shippingadderss VALUES(83,'India','Malappuram','Kerala','345452','2025-11-07',NULL,NULL);
INSERT INTO store_shippingadderss VALUES(84,'India','Malappuram','Kerala','679357','2025-11-07',NULL,NULL);
INSERT INTO store_shippingadderss VALUES(85,'India','Malappuram','Kerala','679357','2025-11-07',NULL,20);
INSERT INTO store_shippingadderss VALUES(86,'India','Malappuram','Kerala','679357','2025-11-07',NULL,21);
INSERT INTO store_shippingadderss VALUES(87,'India','Malappuram','Kerala','679357','2025-11-07',NULL,22);
INSERT INTO store_shippingadderss VALUES(88,'Malapuram','Perinthalmana','Kerala','679357','2025-11-08',NULL,23);
INSERT INTO store_shippingadderss VALUES(89,'Malapuram','Perinthalmana','Kerala','679357','2025-11-08',NULL,24);
INSERT INTO store_shippingadderss VALUES(90,'Malapuram','Perinthalmana','Kerala','679357','2025-11-08',NULL,NULL);
INSERT INTO store_shippingadderss VALUES(91,'Malapuram','Perinthalmana','Kerala','679357','2025-11-08',NULL,NULL);
INSERT INTO store_shippingadderss VALUES(92,'Malapuram','Perinthalmana','Kerala','679357','2025-11-08',NULL,NULL);
INSERT INTO store_shippingadderss VALUES(93,'India','Malappuram','Kerala','679357','2025-11-09',NULL,NULL);
INSERT INTO store_shippingadderss VALUES(94,'India','Malappuram','Kerala','679357','2025-11-09',NULL,25);
INSERT INTO store_shippingadderss VALUES(95,'India','Malappuram','Kerala','679357','2025-11-09',NULL,26);
INSERT INTO store_shippingadderss VALUES(96,'Malapuram','Perinthalmana','Kerala','679357','2025-11-11',NULL,27);
INSERT INTO store_shippingadderss VALUES(97,'Malapuram','Perinthalmana','Kerala','679357','2025-11-12',NULL,NULL);
INSERT INTO store_shippingadderss VALUES(98,'India','Malappuram','Kerala','679357','2025-11-13',NULL,28);
INSERT INTO store_shippingadderss VALUES(99,'kuruppath','Malappuram','Kerala','679357','2025-11-13',NULL,29);
INSERT INTO store_shippingadderss VALUES(100,'kuruppath','Malappuram','Kerala','679357','2025-11-13',NULL,30);
CREATE TABLE IF NOT EXISTS "cart_wishlistitem" ("id" integer NOT NULL PRIMARY KEY AUTOINCREMENT, "added_at" datetime NOT NULL, "product_id" bigint NOT NULL REFERENCES "store_product" ("id") DEFERRABLE INITIALLY DEFERRED, "wishlist_id" bigint NOT NULL REFERENCES "cart_wishlist" ("id") DEFERRABLE INITIALLY DEFERRED);
INSERT INTO cart_wishlistitem VALUES(35,'2025-11-11 06:12:45.794018',16,11);
INSERT INTO cart_wishlistitem VALUES(36,'2025-11-11 06:47:45.892807',19,11);
CREATE TABLE IF NOT EXISTS "coupons_coupon" ("id" integer NOT NULL PRIMARY KEY AUTOINCREMENT, "code" varchar(50) NOT NULL UNIQUE, "discount_type" varchar(20) NOT NULL, "value" decimal NOT NULL, "valid_from" datetime NOT NULL, "valid_to" datetime NOT NULL, "active" bool NOT NULL, "max_users" integer NOT NULL);
INSERT INTO coupons_coupon VALUES(1,'SAVE30','Percentage',30,'2025-11-08 13:01:37','2025-11-30 13:01:45',1,50);
INSERT INTO coupons_coupon VALUES(2,'EXTRA90','Percentage',90,'2025-11-08 13:56:22','2025-11-30 13:56:29',1,300);
CREATE TABLE IF NOT EXISTS "coupons_ordercoupon" ("id" integer NOT NULL PRIMARY KEY AUTOINCREMENT, "discount_amount" decimal NOT NULL, "coupon_id" bigint NULL REFERENCES "coupons_coupon" ("id") DEFERRABLE INITIALLY DEFERRED, "order_id" bigint NOT NULL UNIQUE REFERENCES "store_order" ("id") DEFERRABLE INITIALLY DEFERRED);
CREATE TABLE IF NOT EXISTS "reviews_review" ("id" integer NOT NULL PRIMARY KEY AUTOINCREMENT, "rating" integer NOT NULL, "comment" text NOT NULL, "created_at" datetime NOT NULL, "is_approved" bool NOT NULL, "customer_id" bigint NULL REFERENCES "store_customer" ("id") DEFERRABLE INITIALLY DEFERRED, "product_id" bigint NOT NULL REFERENCES "store_product" ("id") DEFERRABLE INITIALLY DEFERRED);
CREATE TABLE IF NOT EXISTS "django_session" ("session_key" varchar(40) NOT NULL PRIMARY KEY, "session_data" text NOT NULL, "expire_date" datetime NOT NULL);
INSERT INTO django_session VALUES('2os2hzyj9l3m5hxgftg3c22aeny7ihqj','.eJxVjEEOwiAQRe_C2hAoUwou3XsGMsNMpWpKUtqV8e7apAvd_vfef6mE21rS1mRJE6uz8ur0uxHmh8w74DvOt6pznddlIr0r-qBNXyvL83K4fwcFW_nWQ2BAZzAwoRHIEQAj9QTInY1WQjAcOxHuRusDZO9sj6OLgzEmApF6fwDv9jfN:1vBpBY:1PMnDjK62awM4XrXL0dpEaEdEjLrxe9LJHPq9ivXO5s','2025-11-06 06:52:32.661636');
INSERT INTO django_session VALUES('3q4q1rrmlclm3hur4jo9jdnswlnjtxi5','.eJxVjsEOgyAQRP-Fc0NAV4Uee_cbyMKuQtugET01_fdq46G9zpt5mZdwuK3RbYUXl0hcRSsuv5nH8OB8ALpjHicZprwuycujIk9aZD8RP29n908QscR93RkCrBUa8qgYggVA6xsPSJW2mo1RZCtmqgbdGghtrRscatsppSx4v0tLTPOc8uiQaOFSvn8beH8A14lAsw:1vGEAH:EwuxOFutQj-a-8QrumRHAHegDv49fjh6ldZ-KWBFmjI','2025-11-18 10:21:25.782021');
INSERT INTO django_session VALUES('agi6cw7y1ke65rh1k2vxpaqq1xthd47x','.eJxVjbsOwjAQBP_FNbLOsZPYdCBRUiHRWmffhQSQjfKoEP-OI6WAdmd39i08LnPvl4lHP5DYi0bsfrOA8cFpBXTHdMsy5jSPQ5BrRW50kudM_Dxu3T9Bj1Nf1q0lgxrQUkBgE50x6EIdDFKlnGJrgVzFTFWnGmtio1WNnXYtADgTQpHGvLxy8rFcFeHlcD1pEJ8vS8I-2w:1vJX0X:M_mTo9qJROobTVXBiSDcwT-dnZ6eHxn40W19vAnqBbs','2025-11-27 13:05:01.760768');
INSERT INTO django_session VALUES('dbvydlhj6514u8yt8p7dtfeti72tjm74','.eJxVjEEOwiAQRe_C2pC2AwO4dO8ZyACDVA0kpV0Z765NutDtf-_9l_C0rcVvnRc_J3EWE4rT7xgoPrjuJN2p3pqMra7LHOSuyIN2eW2Jn5fD_Tso1Mu3VkonBexcBs4TgCV0PBDFGGxmHDHGrO0AyeCoNWprkrZgFDrIAC6L9wcLIjek:1vGw8C:NFor4t7bIXkUfKPknHEOEDw6o8Ydpi_MPew3By2e_3c','2025-11-20 09:18:12.196492');
INSERT INTO django_session VALUES('1hmrywmqh5d1wq4of2ysj3pef2yvplze','.eJxVjDsOAjEMBe-SGkUijqOYkp4zRHacJQsokfZTIe7OrrQFtDPz3tskXpea1rlMaVRzMS6Y0y8Uzs_SdqMPbvduc2_LNIrdE3vY2d66ltf1aP8OKs91WwsIeAcUBIgjZRSJA6ugwyikIJ4JBwwI7sweIhEySCalSBsQ8_kCCGw37Q:1vHanK:BHSEMMwLzXhTOwvaShm8s8X6c2Sn7gWmJbGQM51L3oc','2025-11-22 04:43:22.432206');
INSERT INTO django_session VALUES('b0hvomccemmuqvyyleshnt064lrmu0co','.eJxVjDsOAjEMBe-SGkUijqOYkp4zRHacJQsokfZTIe7OrrQFtDPz3tskXpea1rlMaVRzMS6Y0y8Uzs_SdqMPbvduc2_LNIrdE3vY2d66ltf1aP8OKs91WwsIeAcUBIgjZRSJA6ugwyikIJ4JBwwI7sweIhEySCalSBsQ8_kCCGw37Q:1vHayK:Bi7PdvDNp_jKwmQfD973zn2FkgYI2RVWxa-jDM6PERg','2025-11-22 04:54:44.093861');
INSERT INTO django_session VALUES('kvdz61duymurdw6zg8mmo3ig1cdt9c4l','.eJxVjDsOAjEMBe-SGkUijqOYkp4zRHacJQsokfZTIe7OrrQFtDPz3tskXpea1rlMaVRzMS6Y0y8Uzs_SdqMPbvduc2_LNIrdE3vY2d66ltf1aP8OKs91WwsIeAcUBIgjZRSJA6ugwyikIJ4JBwwI7sweIhEySCalSBsQ8_kCCGw37Q:1vHayL:fzd9PFqo0ZzZejpbn1fF4HXaicpGLe0CptgHF4vD_4E','2025-11-22 04:54:45.882665');
INSERT INTO django_session VALUES('vqk88e8rr7n8ow8scybpc1jv92z9y3zh','.eJxVjEEOwiAQRe_C2pCWaZnBpfuegQwM2KopSWlXxrsbki50-997_608H_vsj5o2v4i6KoPq8jsGjs-0NiIPXu9Fx7Lu2xJ0U_RJq56KpNftdP8OZq5zq4HM6NJorQxkR6bORcmA0iUxxIShNw4xDGRShg6QpLcgURwAZjDq8wX0wjdr:1vIhJi:O5HoDjuoF8HGlGStdDTL61ygeVnBe4vqOXSm8GY9Jms','2025-11-25 05:53:22.964852');
INSERT INTO django_session VALUES('ok3eccyx55nj5efzrq3681n8znfivfcb','.eJxVjMsOwiAQRf-FtSG8KS7d-w1kgBmpGkhKuzL-uzbpQrf3nHNfLMK21rgNXOJc2JlpyU6_Y4L8wLaTcod26zz3ti5z4rvCDzr4tRd8Xg7376DCqN9aTi4ImSySImGokDfGy4QBtdTWJqEV-clZMgSYyWufNJGFbBWBg8DeHwHbOHM:1vIofQ:4oks3qLEUngOjGwM8Ry40D5jO5HuvPDZulHfDKv5mRE','2025-11-25 13:44:16.370289');
INSERT INTO django_session VALUES('0nbl85jy616fk5q0wz3ck58fcn2ljiu8','.eJxVjDsOwjAQBe_iGln2Ov5R0nMGa73e4ACypXwqxN0hUgpo38y8l0i4rTVtC89pKuIswIjT75iRHtx2Uu7Ybl1Sb-s8Zbkr8qCLvPbCz8vh_h1UXOq3VpY4BKOJdYxOxWDJ-gGtc4oGZcpYMAB5jQOjLdlwBBs8gIPsx5BBvD_udTeA:1vJ2lc:Sds8AoDJkKoqFR4c75ry-PnU9lyc4Va86I4Ttsbhm6U','2025-11-26 04:47:36.490871');
INSERT INTO django_session VALUES('w3zsuokxcc96pabk1wd9nsim5c7gsaz7','.eJxVjEEOwiAQRe_C2pCBVpi6dN8zkBmYStVAUtqV8e7apAvd_vfef6lA25rD1mQJc1IX1Vl1-h2Z4kPKTtKdyq3qWMu6zKx3RR-06bEmeV4P9-8gU8vfWshb7KEHMAJnnjoApgSOiNHBENFOA5J3JkZ0CAkisBjqhMWCJ6PeH_v9OAc:1vJ5W9:ut-_KPEH-E3cQtCg8Ne4Ir_AIPWLFaZGZilXMBxhIT8','2025-11-26 07:43:49.026374');
INSERT INTO django_session VALUES('yyhbfeq6m106roin7h5d33533lmfqxds','.eJxVjDsOwjAQBe_iGln2Ov5R0nMGa73e4ACypXwqxN0hUgpo38y8l0i4rTVtC89pKuIswIjT75iRHtx2Uu7Ybl1Sb-s8Zbkr8qCLvPbCz8vh_h1UXOq3VpY4BKOJdYxOxWDJ-gGtc4oGZcpYMAB5jQOjLdlwBBs8gIPsx5BBvD_udTeA:1vJAQm:-jRKSNF1tCu6CBT_msYsjcwWtPGYPVUepG9UgN3TCvQ','2025-11-26 12:58:36.990060');
INSERT INTO django_session VALUES('frrv95vfr87mlv4enhigeoy2drh685vq','.eJxVjDsOwjAQBe_iGln2Ov5R0nMGa73e4ACypXwqxN0hUgpo38y8l0i4rTVtC89pKuIswIjT75iRHtx2Uu7Ybl1Sb-s8Zbkr8qCLvPbCz8vh_h1UXOq3VpY4BKOJdYxOxWDJ-gGtc4oGZcpYMAB5jQOjLdlwBBs8gIPsx5BBvD_udTeA:1vJDUh:XI5gL_aoojPMarKr7dy08AZ2wo2nTuLzAFjenRLgfnw','2025-11-26 16:14:51.804880');
INSERT INTO django_session VALUES('fi4vaiaz4rzz6jmjugvtnldx4wpysldu','.eJxVjDsOwjAQBe_iGln2Ov5R0nMGa73e4ACypXwqxN0hUgpo38y8l0i4rTVtC89pKuIswIjT75iRHtx2Uu7Ybl1Sb-s8Zbkr8qCLvPbCz8vh_h1UXOq3VpY4BKOJdYxOxWDJ-gGtc4oGZcpYMAB5jQOjLdlwBBs8gIPsx5BBvD_udTeA:1vJQLP:SoL26gnt6W5KM6yBWXCrWkVCOgcgYZrfvqOaxpbvdvo','2025-11-27 05:58:07.761319');
INSERT INTO django_session VALUES('dobh7aabnbl7bx8oernbt5ez5w9zw9e7','.eJxVjT0LAjEQRP9LagmavQ1ZOwVLK8E27CY571QSuY9K_O_m4Apt5828eSvP89T5eUyD76PaK2PV5jcUDo-UFxLvnG9Fh5KnoRe9VPRKR30uMT2Pa_dP0PHY1bWAQGOArACxo4AiruUoaNAJRZCGCVu0CGbHDTgiZJBAkRzVQKo0lPlVsg_1qgovh-sJturzBWcJPvs:1vJWwa:peUwtfG572TIjQQ3WjVSFDK__ZgxaWe8pgJxrrtd0Do','2025-11-27 13:00:56.955819');
CREATE TABLE IF NOT EXISTS "store_customer" ("id" integer NOT NULL PRIMARY KEY AUTOINCREMENT, "name" varchar(100) NULL, "email" varchar(200) NOT NULL, "user_id" bigint NULL UNIQUE REFERENCES "users_customuser" ("id") DEFERRABLE INITIALLY DEFERRED);
INSERT INTO store_customer VALUES(4,'rishad','ranjithkrpt@gmail.com',6);
INSERT INTO store_customer VALUES(14,'nyn','ranjithkrpsacdt@gmail.com',16);
INSERT INTO store_customer VALUES(21,'adlib','ranjithkrpt@gmail.com',23);
INSERT INTO store_customer VALUES(22,'Ranjith','ranjith@gmail.com',24);
INSERT INTO store_customer VALUES(24,'ranjith','ranjithalp01@gmail.com',26);
INSERT INTO store_customer VALUES(26,'melvin','melvin@gmail.com',28);
INSERT INTO store_customer VALUES(27,'rashid','rashid@gmail.com',29);
INSERT INTO store_customer VALUES(28,'lbracloths','libracloths@gmail.com',30);
INSERT INTO store_customer VALUES(29,'libraelectronics','libraelectronics@gmail.com',31);
INSERT INTO store_customer VALUES(30,'librafootweare','librafootwear@gmail.com',32);
INSERT INTO store_customer VALUES(31,'libraaudio','libraaudio@gmail.com',33);
INSERT INTO store_customer VALUES(32,'libraperfume','libraperfume@gmail.com',34);
INSERT INTO store_customer VALUES(33,'librawhatches','librawhatches@gmail.com',35);
CREATE TABLE IF NOT EXISTS "store_product" ("id" integer NOT NULL PRIMARY KEY AUTOINCREMENT, "name" varchar(199) NOT NULL, "slug" varchar(199) NOT NULL, "image" varchar(100) NOT NULL, "description" text NOT NULL, "price" decimal NOT NULL, "available" bool NOT NULL, "created" datetime NOT NULL, "updated" datetime NOT NULL, "category_id" bigint NOT NULL REFERENCES "store_category" ("id") DEFERRABLE INITIALLY DEFERRED, "vendor_id" bigint NULL REFERENCES "vendors_vendor" ("id") DEFERRABLE INITIALLY DEFERRED);
INSERT INTO store_product VALUES(16,'Casual Pants','casual-pants','products/25/11/11/M-PANTS-17696-21485-NATURAL_8.webp','Casual Pants For mens',3455.90000000000009,1,'2025-11-11 06:11:56.004270','2025-11-11 06:11:56.004345',6,12);
INSERT INTO store_product VALUES(17,'T-shirt White','t-shirt-white','products/25/11/11/1759753164196_4yboEbq.jpg','Premium Quality Cloth',3456.90000000000009,1,'2025-11-11 06:15:00.522667','2025-11-11 06:15:00.522695',6,12);
INSERT INTO store_product VALUES(18,'Jacket For Mens','jacket-for-mens','products/25/11/11/LOOSE-M-PANTS-F25.webp','Premium Style Jackets For men',3455.5300000000002,1,'2025-11-11 06:18:02.768897','2025-11-11 06:18:02.768944',6,12);
INSERT INTO store_product VALUES(19,'Formal Pant For Men','formal-pant-for-men','products/25/11/11/615RRVDTBTL_VD7lOx9.webp','Rich look and confident',3455.42999999999983,1,'2025-11-11 06:20:37.785210','2025-11-11 06:20:37.785291',6,12);
INSERT INTO store_product VALUES(20,'MacBook Pro','macbook-pro','products/25/11/11/16_MacBook_Pro.jpg','New MacBook Pro The premium laptop ever',198869,1,'2025-11-11 12:18:33.739414','2025-11-11 12:18:33.739447',3,13);
INSERT INTO store_product VALUES(21,'MacBook Pro 14','macbook-pro-14','products/25/11/11/MacBook_Pro_14_and_16.jpg','Imagine Feel Like a Rich Person with this one in your hand!',178940,0,'2025-11-11 12:20:38.525967','2025-11-11 12:20:38.526001',3,13);
INSERT INTO store_product VALUES(22,'Galaxy-Book5','galaxy-book5','products/25/11/11/Galaxy-Book5.jpg','You want good quality the last word is this',56789,1,'2025-11-11 12:23:26.932795','2025-11-11 12:23:26.932882',3,13);
INSERT INTO store_product VALUES(23,'Wired Headphone','wired-headphone','products/25/11/11/Headphone-Zone-7HZ-Legato04-removebg-preview.png','Wired headphones deliver high-fidelity audio with zero latency, making them ideal for music lovers and professionals who prioritize sound quality. They offer reliable, plug-and-play performance without the need for charging, ensuring uninterrupted use for calls, gaming, or media. With durable builds and universal 3.5mm or USB-C connectivity, they remain a cost-effective choice for everyday listening.',1999.99,1,'2025-11-11 12:34:59.129502','2025-11-11 12:34:59.129532',3,13);
INSERT INTO store_product VALUES(24,'Wireless Headphone','wireless-headphone','products/25/11/11/Headphone-zone-focal-hadenys-galleryimage1-removebg-preview.png','Wireless headphones offer high-quality, immersive audio with the freedom of cord-free convenience, making them ideal for music, calls, and on-the-go use. They feature advanced technologies like active noise cancellation, long battery life (up to 50+ hours on some models), and seamless Bluetooth connectivity. Lightweight and comfortable, they deliver reliable performance for commuting, working, or relaxing  without sacrificing sound quality.',6798.82999999999992,1,'2025-11-11 12:37:05.448170','2025-11-11 12:37:05.448200',3,13);
INSERT INTO store_product VALUES(25,'Bluetooth Speaker','bluetooth-speaker','products/25/11/11/images-removebg-preview.png','Bluetooth speakers deliver high-quality, immersive audio with the freedom of wireless convenience, perfect for indoor and outdoor use. They offer features like long battery life, waterproof durability, and deep bass, ensuring powerful sound for music, parties, or travel. Easy to pair with smartphones and tablets, they provide seamless, portable listening anytime, anywhere.',2138.44000000000005,1,'2025-11-11 12:39:11.905120','2025-11-11 12:39:11.905187',3,13);
INSERT INTO store_product VALUES(26,'Iphone 17','iphone-17','products/25/11/11/iphone_17.jpg','The iPhone 17 features a 6.3-inch Super Retina XDR OLED display with 120Hz ProMotion, powered by the Apple A19 chip and running iOS 26. It boasts a 48MP dual-camera system, 8GB RAM, 256GB/512GB storage options, and a 3,692 mAh battery with fast charging and MagSafe support.',88000,1,'2025-11-11 12:43:17.902041','2025-11-11 12:43:17.902074',3,13);
INSERT INTO store_product VALUES(27,'Iphone 17 Pro','iphone-17-pro','products/25/11/11/iphone_17pro.jpg','The iPhone 17 Pro features a 6.3-inch Super Retina XDR OLED display with 120Hz ProMotion, powered by the Apple A19 Pro chip, 12GB RAM, and storage options up to 1TB. It boasts a professional-grade triple 48MP Pro Fusion camera system with 8x optical zoom, LiDAR scanner, and supports 4K/120fps Dolby Vision recording. With a 3,988 mAh battery (eSIM), USB-C fast charging, MagSafe, and iOS 26, it delivers top-tier performance and durability in an aerospace-grade aluminum design.',138999,1,'2025-11-11 12:44:47.451432','2025-11-11 12:44:47.451523',3,13);
INSERT INTO store_product VALUES(28,'Samsung S25','samsung-s25','products/25/11/11/samsung_s25.png','The Samsung Galaxy S25 features a 6.2-inch Dynamic LTPO AMOLED 2X display with a 120Hz refresh rate, powered by the Qualcomm Snapdragon 8 Elite chip, 12GB RAM, and up to 512GB storage. It boasts a triple rear camera system with a 50MP main sensor, 12MP ultrawide, and 10MP 3x telephoto, alongside a 12MP front camera, running Android 15 with One UI 7. The device includes a 4,000mAh battery with 25W fast charging, Qi2 wireless charging, IP68 rating, and is available in multiple colors like Navy, Icyblue, and Mint.',90000,1,'2025-11-11 12:47:00.204798','2025-11-11 12:47:00.204838',3,13);
INSERT INTO store_product VALUES(29,'Samsung Galaxy S25 Ultra 5G (Titanium Whitesilver, 256 GB)  (12 GB RAM)','samsung-galaxy-s25-ultra-5g-titanium-whitesilver-256-gb-12-gb-ram','products/25/11/11/samsung_s25.jpg','The Samsung Galaxy S25 Ultra 5G (Titanium Whitesilver, 256GB, 12GB RAM) features a 6.9-inch Dynamic AMOLED 2X display with 120Hz refresh rate and 2600 nits peak brightness, powered by the Snapdragon 8 Elite chip and Android 15 with One UI 7. It boasts a professional-grade quad camera system with a 200MP main sensor, 50MP ultrawide, dual telephoto lenses (3x and 5x optical zoom), and a 12MP front camera, supporting 8K video recording. The device includes a 5000mAh battery with 45W wired, 25W wireless (Qi2), and reverse wireless charging, along with IP68 rating, ultrasonic fingerprint sensor, and advanced Galaxy AI features.',120000,1,'2025-11-11 12:50:58.406786','2025-11-11 12:50:58.406832',3,13);
INSERT INTO store_product VALUES(30,'JBL PARTYBOX ENCORE ESSENTIAL HERO','jbl-partybox-encore-essential-hero','products/25/11/11/JBL_PARTYBOX_ENCORE_ESSENTIAL_HERO_1605x1605px.webp','The JBL PARTYBOX Encore Essential HERO delivers powerful 100W JBL Original Pro Sound with deep bass and a dynamic light show that syncs to the beat, perfect for immersive party experiences. It features Bluetooth 5.1, USB and AUX connectivity, a wired mic input for karaoke, and an IPX4 splash-proof design for added durability. With up to 6 hours of playtime and a portable handle, it''s ideal for on-the-go entertainment.',35672,1,'2025-11-11 12:53:30.217403','2025-11-11 12:53:30.217458',3,13);
INSERT INTO store_product VALUES(31,'Bluetooth EarPod','bluetooth-earpod','products/25/11/11/MUVX3-removebg-preview_bUhcuWE.png','Bluetooth EarPods deliver a secure, ergonomic fit with enhanced sound isolation and rich audio quality, designed to sit comfortably in the ear canal for extended use. They offer seamless wireless connectivity, crisp calls, and are ideal for commuting, workouts, and daily listening.',7890,1,'2025-11-11 12:56:55.542991','2025-11-11 12:56:55.543038',3,13);
INSERT INTO store_product VALUES(32,'Sony-V13 High-Power Party Speaker with BLUETOOTH Technology','sony-v13-high-power-party-speaker-with-bluetooth-technology','products/25/11/11/Sony-V13_High-Power_Party_Speaker_with_BLUETOOTH_Technology.avif','The Sony MHC-V13 High-Power Party Speaker delivers immersive, room-filling sound with a JET BASS BOOSTER for deep, punchy bass and two upward-facing tweeters for clear, dynamic audio. It features a vibrant multicolor light show that syncs to the beat, Bluetooth connectivity, NFC pairing, and wireless Party Chain to link up to 50 compatible speakers. With microphone and guitar inputs, the Fiestable app for karaoke scoring and playlist control, and a built-in handle for portability, it''s the ultimate party companion.',40566,1,'2025-11-11 12:58:24.773694','2025-11-11 12:58:24.773726',3,13);
INSERT INTO store_product VALUES(33,'Sony-V83D High-Power Party Speaker with BLUETOOTH Technology','sony-v83d-high-power-party-speaker-with-bluetooth-technology','products/25/11/11/Sony-V83D_High-Power_Party_Speaker_with_BLUETOOTH_Technolog.avif','The Sony MHC-V83D High-Power Party Speaker delivers immersive, omnidirectional sound with 150W output, featuring JET BASS BOOSTER for deep bass and four high-efficiency tweeters for wide sound coverage. It includes dynamic multicolor party lights, Bluetooth connectivity, NFC pairing, HDMI output for TV audio, and dual microphone/guitar inputs for karaoke and live performance. Controlled via the Fiestable app, it supports gesture control, DJ effects, Taiko drum mode, and can wirelessly link with up to 50 compatible speakers for synchronized audio and lighting.',32567,1,'2025-11-11 13:00:20.886038','2025-11-11 13:00:20.886074',3,13);
INSERT INTO store_product VALUES(34,'Jack and Jhon Flip','jack-and-jhon-flip','products/25/11/12/jackandjhonsFlip.jpg','"Jack and Jhon Flip" likely refers to a misspelling of either Jack & Jones flip flops, a line of men''s casual footwear, or the J-K flip-flop, an electronic circuit named after engineer Jack Kilby. Alternatively, it may be a typo for adult content involving "flip-fuck" scenes featuring performers named Jack and John.',1342,1,'2025-11-12 05:14:34.270977','2025-11-12 05:14:34.271043',7,14);
INSERT INTO store_product VALUES(35,'Casual Shoes For Men ','casual-shoes','products/25/11/12/shoe1.webp','Jack & Jones casual flip flops are stylish, lightweight men''s footwear featuring cushioned footbeds, branded straps, and durable EVA or rubber soles for comfort and grip. Designed for everyday wear, they come in various colors and prints, combining urban fashion with practical, slip-on convenience.',9871,1,'2025-11-12 06:23:46.607028','2025-11-12 06:23:46.607076',7,14);
INSERT INTO store_product VALUES(36,'Normal Chappels','normal-chappels','products/25/11/12/foot-weare-normal3.webp','Jack & Jones normal chappals are casual, comfortable footwear designed for everyday wear, featuring durable soles and soft footbeds for a relaxed fit. They come in simple, stylish designs with branded straps, ideal for a laid-back, modern look.',785,1,'2025-11-12 06:25:34.056137','2025-11-12 06:25:34.056187',7,14);
INSERT INTO store_product VALUES(37,'Normal Chappels','normal-chappels','products/25/11/12/footweare-normal.webp','Jack & Jones normal chappals are casual, comfortable footwear designed for everyday wear, featuring durable soles and soft footbeds for a relaxed fit. They come in simple, stylish designs with branded straps, ideal for a laid-back, modern look.',345,1,'2025-11-12 06:25:59.189318','2025-11-12 06:25:59.189360',7,14);
INSERT INTO store_product VALUES(38,'Normal Chappels','normal-chappels','products/25/11/12/footweare-normal2.webp','Jack & Jones normal chappals are casual, comfortable footwear designed for everyday wear, featuring durable soles and soft footbeds for a relaxed fit. They come in simple, stylish designs with branded straps, ideal for a laid-back, modern look.',543,1,'2025-11-12 06:26:33.419146','2025-11-12 06:26:33.419178',7,14);
INSERT INTO store_product VALUES(39,'Casual Shoes Yellow For men ','casual-shoes','products/25/11/12/shoe2.webp','Jack & Jones casual flip flops are stylish, lightweight men''s footwear featuring cushioned footbeds, branded straps, and durable EVA or rubber soles for comfort and grip. Designed for everyday wear, they come in various colors and prints, combining urban fashion with practical, slip-on convenience.',876,1,'2025-11-12 06:27:47.185077','2025-11-12 06:27:47.185119',7,14);
INSERT INTO store_product VALUES(40,'Pure White Casual Shoes ','casual-shoes','products/25/11/12/shoe3.webp','Jack & Jones casual flip flops are stylish, lightweight men''s footwear featuring cushioned footbeds, branded straps, and durable EVA or rubber soles for comfort and grip. Designed for everyday wear, they come in various colors and prints, combining urban fashion with practical, slip-on convenience.',2569,1,'2025-11-12 06:28:13.573963','2025-11-12 06:28:13.573995',7,14);
INSERT INTO store_product VALUES(41,'White and Grey Shade Casual Shoes ','casual-shoes','products/25/11/12/shoe4.webp','Jack & Jones casual flip flops are stylish, lightweight men''s footwear featuring cushioned footbeds, branded straps, and durable EVA or rubber soles for comfort and grip. Designed for everyday wear, they come in various colors and prints, combining urban fashion with practical, slip-on convenience.',2345,1,'2025-11-12 06:28:42.071691','2025-11-12 06:28:42.071723',7,14);
INSERT INTO store_product VALUES(42,'Bluetooth Speaker','bluetooth-speaker','products/25/11/12/images-removebg-preview.png','Bluetooth speakers are portable, stylish audio devices designed for wireless music streaming, featuring built-in rechargeable batteries, USB and AUX connectivity, and durable, lightweight builds ideal for on-the-go use. They deliver clear sound with balanced bass and treble, support hands-free calling, and are suitable for both indoor and outdoor settings.',2138.44000000000005,1,'2025-11-12 06:57:41.683269','2025-11-12 06:57:41.683316',1,15);
INSERT INTO store_product VALUES(43,'Sony-V83D High-Power Party Speaker with BLUETOOTH Technology','sony-v83d-high-power-party-speaker-with-bluetooth-technology','products/25/11/12/Sony-V83D_High-Power_Party_Speaker_with_BLUETOOTH_Technolog.avif','The Sony MHC-V83D High-Power Party Speaker delivers immersive, omnidirectional sound with 150W output, featuring JET BASS BOOSTER for deep bass and four high-efficiency tweeters for wide sound coverage. It includes dynamic multicolor party lights, Bluetooth connectivity, NFC pairing, HDMI output for TV audio, and dual microphone/guitar inputs for karaoke and live performance. Controlled via the Fiestable app, it supports gesture control, DJ effects, Taiko drum mode, and can wirelessly link with up to 50 compatible speakers for synchronized audio and lighting.',32567,1,'2025-11-12 07:12:47.898475','2025-11-12 07:12:47.898513',1,15);
INSERT INTO store_product VALUES(44,'Sony-V13 High-Power Party Speaker with BLUETOOTH Technology','sony-v13-high-power-party-speaker-with-bluetooth-technology','products/25/11/12/Sony-V13_High-Power_Party_Speaker_with_BLUETOOTH_Technology.avif','The Sony MHC-V13 High-Power Party Speaker delivers immersive, room-filling sound with a JET BASS BOOSTER for deep, punchy bass and two upward-facing tweeters for clear, dynamic audio. It features a vibrant multicolor light show that syncs to the beat, Bluetooth connectivity, NFC pairing, and wireless Party Chain to link up to 50 compatible speakers. With microphone and guitar inputs, the Fiestable app for karaoke scoring and playlist control, and a built-in handle for portability, it''s the ultimate party companion.',40566,1,'2025-11-12 07:13:59.172844','2025-11-12 07:13:59.172918',1,15);
INSERT INTO store_product VALUES(45,'Bluetooth EarPod','bluetooth-earpod','products/25/11/12/MUVX3-removebg-preview.png','Bluetooth EarPods deliver a secure, ergonomic fit with enhanced sound isolation and rich audio quality, designed to sit comfortably in the ear canal for extended use. They offer seamless wireless connectivity, crisp calls, and are ideal for commuting, workouts, and daily listening.',7890,1,'2025-11-12 07:15:20.046971','2025-11-12 07:15:20.047009',1,15);
INSERT INTO store_product VALUES(46,'JBL PARTYBOX ENCORE ESSENTIAL HERO','jbl-partybox-encore-essential-hero','products/25/11/12/JBL_PARTYBOX_ENCORE_ESSENTIAL_HERO_1605x1605px.webp','The JBL PARTYBOX Encore Essential HERO delivers powerful 100W JBL Original Pro Sound with deep bass and a dynamic light show that syncs to the beat, perfect for immersive party experiences. It features Bluetooth 5.1, USB and AUX connectivity, a wired mic input for karaoke, and an IPX4 splash-proof design for added durability. With up to 6 hours of playtime and a portable handle, it''s ideal for on-the-go entertainment.',35672,1,'2025-11-12 07:16:39.631110','2025-11-12 07:16:39.631240',1,15);
INSERT INTO store_product VALUES(47,'Wireless HeadPhone','wireless-headphone','products/25/11/12/Headphone-zone-focal-hadenys-galleryimage1-removebg-preview.png','Wireless headphones offer high-quality, immersive audio with the freedom of cord-free convenience, making them ideal for music, calls, and on-the-go use. They feature advanced technologies like active noise cancellation, long battery life (up to 50+ hours on some models), and seamless Bluetooth connectivity. Lightweight and comfortable, they deliver reliable performance for commuting, working, or relaxing  without sacrificing sound quality.',6798,1,'2025-11-12 07:18:03.839479','2025-11-12 07:18:03.839516',1,15);
INSERT INTO store_product VALUES(49,'Wired HeadPhone','wired-headphone','products/25/11/12/Headphone-Zone-7HZ-Legato04-removebg-preview_4QReG7V.png','Wired headphones deliver high-fidelity audio with zero latency, making them ideal for music lovers and professionals who prioritize sound quality. They offer reliable, plug-and-play performance without the need for charging, ensuring uninterrupted use for calls, gaming, or media. With durable builds and universal 3.5mm or USB-C connectivity, they remain a cost-effective choice for everyday listening.',1999.99,1,'2025-11-12 07:40:12.271621','2025-11-12 07:40:12.271646',1,15);
INSERT INTO store_product VALUES(50,'Scents The Rich Perfume','scents-the-rich-perfume','products/25/11/12/41cixgFl2UL.webp','Scents Perfume refers to fragrances crafted from a blend of natural and synthetic aromatic compounds designed to emit a pleasant and lasting aroma. These perfumes are composed of top, heart, and base notes that evolve over time, creating a unique olfactory experience tailored to personal style and mood.',999,1,'2025-11-12 09:26:54.514125','2025-11-12 09:26:54.514156',8,16);
INSERT INTO store_product VALUES(51,'Royal OUD Intense Rich perfume','royal-oud-intense-rich-perfume','products/25/11/12/perfume1.jpg','Royal OUD Intense is a luxurious, unisex fragrance that opens with vibrant citrus and spicy notes of lemon, pink pepper, and bergamot, evolving into a heart of cedar, galbanum, and angelica root, all grounded by a rich, woody base of oud, sandalwood, and musk. Crafted by Creed, this Eau de Parfum embodies sophistication and warmth, making it ideal for evening wear or special occasions, with a lasting scent that projects elegance and depth.',3872,1,'2025-11-12 09:34:46.659512','2025-11-12 09:34:46.659538',8,16);
INSERT INTO store_product VALUES(52,'Shadow Intense India''s Strongest Perfume','shadow-intense-indias-strongest-perfume','products/25/11/12/ShadowIntense50ml-min.webp','Shadow Intense by OG Luxury is an extrait de parfum with a 40% concentration, opening with an enigmatic blend of lavender and black pepper, evolving into rich notes of leather and amber for a bold, mysterious character. Designed to last up to 24 hours, this intense fragrance offers a luxurious, long-lasting scent ideal for any occasion and those seeking a powerful, unforgettable presence.',2435,1,'2025-11-12 09:38:22.329504','2025-11-12 09:38:22.329525',8,16);
INSERT INTO store_product VALUES(53,'Giovane ROSE Perfume','giovane-rose-perfume','products/25/11/12/e8e6f820ad62e3e491875fffb49d809c.webp','Giovane ROSE Perfume captures the essence of a blooming garden with its lush, velvety rose heart, wrapped in soft green and powdery notes for a romantic, timeless allure. Its delicate balance of freshness and warmth evokes elegance and femininity in every spritz.',2500,1,'2025-11-12 12:53:46.820747','2025-11-12 12:53:46.820787',8,16);
INSERT INTO store_product VALUES(54,'SILLAGE PREMIUM PERFUME','sillage-premium-perfume','products/25/11/12/TCB_3864_1_800x.webp','SILLAGE PREMIUM PERFUME by Art & Parfums is a unisex fragrance that opens with a trail of oud, saffron, and violet, evolving into a heart of jasmine, olibanum, and raspberry before settling on a warm, sensual base of musk, vanilla, and amber. It embodies a lingering presenceless a memory and more a bold statement of beingcrafted to evoke the lasting imprint of light, touch, and emotion.',3000,1,'2025-11-12 12:56:57.435306','2025-11-12 12:56:57.435344',8,16);
INSERT INTO store_product VALUES(55,'Titan Edge Ceramic Quartz in Rich Black Dial Watch for Men','titan-edge-ceramic-quartz-in-rich-black-dial-watch-for-men','products/25/11/12/titan_watch.webp','The Titan Edge Ceramic Quartz in Rich Black Dial Watch for Men features a sleek, minimalist design with a scratch-resistant black ceramic case and strap, paired with a rich black dial and elegant rose gold-toned hands. With an ultra-slim 4.2 mm profile, sapphire crystal glass, and 30-meter water resistance, it combines lightweight durability with refined sophistication.',37342,1,'2025-11-12 13:05:14.490480','2025-11-12 13:05:14.490528',5,17);
INSERT INTO store_product VALUES(56,'Titan Edge Ceramic Quartz in Arctic White Dial Watch for Men','titan-edge-ceramic-quartz-in-arctic-white-dial-watch-for-men','products/25/11/12/titan_white1.webp','The Titan Edge Ceramic Quartz in Arctic White Dial Watch for Men features a minimalist round dial with Roman numerals at 6 and 12, set within a sleek 47 mm white ceramic case and paired with a matching ceramic strap for a refined, modern look. Protected by scratch-resistant sapphire crystal and boasting an ultra-slim profile, it combines elegant design with durable, everyday functionality.',35674,1,'2025-11-12 13:07:23.254122','2025-11-12 13:07:23.254158',5,17);
INSERT INTO store_product VALUES(57,'DIOR HOME PERFUME','dior-home-perfume','products/25/11/12/Y0997193_C099700665_E02_RHC.webp','DIOR HOME PERFUME encompasses a luxurious collection of scented lifestyle creations, including candles, diffusers, and home fragrances, crafted under La Collection Prive Christian Dior to evoke elegance and sensory richness. Featuring iconic scents like Oud Ispahan, Ambre Nuit, and Jardin dOrangers, these home perfumes blend couture artistry with fine fragrance to transform living spaces into immersive olfactory experiences.',3500,1,'2025-11-12 15:43:47.954780','2025-11-12 15:43:47.954823',8,17);
CREATE TABLE IF NOT EXISTS "transaction_transaction" ("id" integer NOT NULL PRIMARY KEY AUTOINCREMENT, "transaction_id" varchar(100) NULL, "amount" decimal NOT NULL, "status" varchar(20) NOT NULL, "payment_method" varchar(50) NOT NULL, "created_at" datetime NOT NULL, "order_id" bigint NOT NULL UNIQUE REFERENCES "store_order" ("id") DEFERRABLE INITIALLY DEFERRED);
CREATE TABLE IF NOT EXISTS "cart_cart" ("id" integer NOT NULL PRIMARY KEY AUTOINCREMENT, "created_at" datetime NOT NULL, "customer_id" bigint NULL REFERENCES "store_customer" ("id") DEFERRABLE INITIALLY DEFERRED, "session_key" varchar(40) NULL);
INSERT INTO cart_cart VALUES(17,'2025-10-19 05:07:42.661520',NULL,'zh4c34r4jke702dssc4eubookqfdzgoi');
INSERT INTO cart_cart VALUES(18,'2025-10-20 09:38:46.665849',NULL,'f5zsx3ayi4vvjsl36ywpw5c4r37zzt8k');
INSERT INTO cart_cart VALUES(22,'2025-10-31 09:04:58.670399',14,NULL);
INSERT INTO cart_cart VALUES(24,'2025-11-04 12:32:32.935868',22,NULL);
INSERT INTO cart_cart VALUES(25,'2025-11-04 14:28:34.182505',21,NULL);
INSERT INTO cart_cart VALUES(30,'2025-11-07 09:49:51.737488',26,NULL);
INSERT INTO cart_cart VALUES(32,'2025-11-07 09:52:19.491229',27,NULL);
INSERT INTO cart_cart VALUES(38,'2025-11-11 06:15:32.722532',28,NULL);
INSERT INTO cart_cart VALUES(39,'2025-11-13 13:00:27.709342',24,NULL);
INSERT INTO cart_cart VALUES(41,'2025-11-13 13:13:31.007495',4,NULL);
CREATE TABLE IF NOT EXISTS "cart_cartitem" ("id" integer NOT NULL PRIMARY KEY AUTOINCREMENT, "quantity" bigint unsigned NOT NULL CHECK ("quantity" >= 0), "cart_id" bigint NOT NULL REFERENCES "cart_cart" ("id") DEFERRABLE INITIALLY DEFERRED, "product_id" bigint NOT NULL REFERENCES "store_product" ("id") DEFERRABLE INITIALLY DEFERRED, "price_at_addition" decimal NOT NULL);
INSERT INTO cart_cartitem VALUES(95,1,38,17,3456.90000000000009);
INSERT INTO cart_cartitem VALUES(102,1,39,43,32567);
CREATE TABLE IF NOT EXISTS "vendors_vendor" ("id" integer NOT NULL PRIMARY KEY AUTOINCREMENT, "slug" varchar(200) NOT NULL UNIQUE, "address" text NOT NULL, "user_id" bigint NOT NULL UNIQUE REFERENCES "users_customuser" ("id") DEFERRABLE INITIALLY DEFERRED, "logo" varchar(100) NULL, "owner_name" varchar(100) NOT NULL, "phone" varchar(20) NOT NULL, "store_name" varchar(200) NOT NULL);
INSERT INTO vendors_vendor VALUES(12,'libra-cloths',replace(replace('Libra cloths \r\nEarth','\r',char(13)),'\n',char(10)),30,'vendors_logos/favicon.ico','Libra','9755952216','LIBRA Cloths');
INSERT INTO vendors_vendor VALUES(13,'libra-electronics',replace(replace('Libra\r\nelectronics','\r',char(13)),'\n',char(10)),31,'','LIBRA','9755952216','LIBRA Electronics');
INSERT INTO vendors_vendor VALUES(14,'libra-footwear',replace(replace('LIBRA FOOTWEAR\r\nEarth','\r',char(13)),'\n',char(10)),32,'','Libra','97559-52216','Libra Footwear');
INSERT INTO vendors_vendor VALUES(15,'libra-audio',replace(replace('LiBRA Audio \r\nearth','\r',char(13)),'\n',char(10)),33,'','LiBRA','9744952216','LiBRA Audio');
INSERT INTO vendors_vendor VALUES(16,'libra-perfumes',replace(replace('Libra\r\nEarth','\r',char(13)),'\n',char(10)),34,'','LIBRA','97559-52216','Libra Perfumes');
INSERT INTO vendors_vendor VALUES(17,'libra-watches',replace(replace('LiBRA\r\nWatch','\r',char(13)),'\n',char(10)),35,'','Libra','9744952216','Libra Watches');
CREATE TABLE IF NOT EXISTS "authtoken_token" ("key" varchar(40) NOT NULL PRIMARY KEY, "created" datetime NOT NULL, "user_id" bigint NOT NULL UNIQUE REFERENCES "users_customuser" ("id") DEFERRABLE INITIALLY DEFERRED);
INSERT INTO authtoken_token VALUES('2f2a60186d876a8c86a26761580051983d2bc02a','2025-11-04 12:16:55.414384',24);
CREATE TABLE IF NOT EXISTS "store_contactmessage" ("id" integer NOT NULL PRIMARY KEY AUTOINCREMENT, "name" varchar(100) NOT NULL, "email" varchar(254) NOT NULL, "subject" varchar(200) NOT NULL, "message" text NOT NULL, "created_at" datetime NOT NULL, "is_read" bool NOT NULL);
INSERT INTO store_contactmessage VALUES(1,'ranjith','unnown1200@gmail.com','ydcvydc','gycdyvbey7uhcb','2025-11-06 08:52:57.363136',0);
CREATE TABLE IF NOT EXISTS "store_wishlist" ("id" integer NOT NULL PRIMARY KEY AUTOINCREMENT, "added_at" datetime NOT NULL, "product_id" bigint NOT NULL REFERENCES "store_product" ("id") DEFERRABLE INITIALLY DEFERRED, "user_id" bigint NOT NULL REFERENCES "users_customuser" ("id") DEFERRABLE INITIALLY DEFERRED);
CREATE TABLE IF NOT EXISTS "store_order" ("id" integer NOT NULL PRIMARY KEY AUTOINCREMENT, "date_odered" datetime NOT NULL, "complete" bool NOT NULL, "transaction_id" varchar(100) NULL, "custamer_id" bigint NULL REFERENCES "store_customer" ("id") DEFERRABLE INITIALLY DEFERRED, "status" varchar(20) NOT NULL, "carrier" varchar(100) NULL, "delivered_at" datetime NULL, "last_updated" datetime NOT NULL, "shipped_at" datetime NULL, "tracking_number" varchar(100) NULL, "tracking_stage" varchar(32) NOT NULL);
INSERT INTO store_order VALUES(1,'2025-10-13 12:08:50.472090',0,'zh4c34r4jke702dssc4eubookqfdzgoi',4,'pending',NULL,NULL,'2025-11-11 05:41:45.385692',NULL,NULL,'placed');
INSERT INTO store_order VALUES(2,'2025-10-13 12:12:16.415475',0,'zh4c34r4jke702dssc4eubookqfdzgoi',4,'pending',NULL,NULL,'2025-11-06 08:49:04.585256',NULL,NULL,'placed');
INSERT INTO store_order VALUES(3,'2025-10-13 12:12:43.596720',0,'zh4c34r4jke702dssc4eubookqfdzgoi',4,'pending',NULL,NULL,'2025-11-06 08:49:04.585256',NULL,NULL,'placed');
INSERT INTO store_order VALUES(4,'2025-10-13 12:31:42.035129',0,'zh4c34r4jke702dssc4eubookqfdzgoi',4,'pending',NULL,NULL,'2025-11-06 08:49:04.585256',NULL,NULL,'placed');
INSERT INTO store_order VALUES(5,'2025-10-15 06:28:55.846145',0,'zh4c34r4jke702dssc4eubookqfdzgoi',4,'pending',NULL,NULL,'2025-11-06 08:49:04.585256',NULL,NULL,'placed');
INSERT INTO store_order VALUES(6,'2025-10-15 06:31:13.060369',0,'zh4c34r4jke702dssc4eubookqfdzgoi',4,'pending',NULL,NULL,'2025-11-06 08:49:04.585256',NULL,NULL,'placed');
INSERT INTO store_order VALUES(7,'2025-10-15 12:27:39.010480',0,'zh4c34r4jke702dssc4eubookqfdzgoi',4,'pending',NULL,NULL,'2025-11-06 08:49:04.585256',NULL,NULL,'placed');
INSERT INTO store_order VALUES(8,'2025-10-16 10:03:54.672460',0,'zh4c34r4jke702dssc4eubookqfdzgoi',4,'pending',NULL,NULL,'2025-11-06 08:49:04.585256',NULL,NULL,'placed');
INSERT INTO store_order VALUES(9,'2025-10-16 10:08:42.618147',0,'zh4c34r4jke702dssc4eubookqfdzgoi',4,'pending',NULL,NULL,'2025-11-06 08:49:04.585256',NULL,NULL,'placed');
INSERT INTO store_order VALUES(10,'2025-10-16 10:15:10.345064',0,'zh4c34r4jke702dssc4eubookqfdzgoi',4,'pending',NULL,NULL,'2025-11-06 08:49:04.585256',NULL,NULL,'placed');
INSERT INTO store_order VALUES(11,'2025-10-16 10:17:20.951794',0,'zh4c34r4jke702dssc4eubookqfdzgoi',4,'pending',NULL,NULL,'2025-11-06 08:49:04.585256',NULL,NULL,'placed');
INSERT INTO store_order VALUES(12,'2025-10-16 10:23:04.721167',0,'zh4c34r4jke702dssc4eubookqfdzgoi',4,'pending',NULL,NULL,'2025-11-06 08:49:04.585256',NULL,NULL,'placed');
INSERT INTO store_order VALUES(13,'2025-10-16 10:37:58.664932',0,'zh4c34r4jke702dssc4eubookqfdzgoi',4,'pending',NULL,NULL,'2025-11-06 08:49:04.585256',NULL,NULL,'placed');
INSERT INTO store_order VALUES(14,'2025-10-17 07:56:59.174034',0,'zh4c34r4jke702dssc4eubookqfdzgoi',4,'pending',NULL,NULL,'2025-11-06 08:49:04.585256',NULL,NULL,'placed');
INSERT INTO store_order VALUES(15,'2025-10-18 06:35:52.858269',0,'zh4c34r4jke702dssc4eubookqfdzgoi',4,'pending',NULL,NULL,'2025-11-06 08:49:04.585256',NULL,NULL,'placed');
INSERT INTO store_order VALUES(16,'2025-11-03 10:48:38.278468',1,'txn_19_1762166918',4,'paid',NULL,NULL,'2025-11-06 08:49:04.585256',NULL,NULL,'placed');
INSERT INTO store_order VALUES(17,'2025-11-03 10:50:30.467392',1,'txn_19_1762167030',4,'paid',NULL,NULL,'2025-11-06 08:49:04.585256',NULL,NULL,'placed');
INSERT INTO store_order VALUES(18,'2025-11-04 12:33:11.303692',1,'txn_22_1762259591',24,'paid',NULL,NULL,'2025-11-06 08:49:04.585256',NULL,NULL,'placed');
INSERT INTO store_order VALUES(19,'2025-11-04 13:39:48.696942',1,'googlepay_22_1762263588',24,'paid',NULL,NULL,'2025-11-06 08:49:04.585256',NULL,NULL,'placed');
INSERT INTO store_order VALUES(20,'2025-11-07 09:47:53.696843',1,'pi_3SQmGoJgqUXlMPgm1K4vAfOr',26,'paid',NULL,NULL,'2025-11-07 09:47:53.696882',NULL,NULL,'placed');
INSERT INTO store_order VALUES(21,'2025-11-07 09:49:36.631233',1,'pi_3SQmITJgqUXlMPgm12lOKNaA',26,'paid',NULL,NULL,'2025-11-07 09:49:36.631288',NULL,NULL,'placed');
INSERT INTO store_order VALUES(22,'2025-11-07 09:52:09.002961',1,'pi_3SQmKuJgqUXlMPgm0hPZJGHQ',27,'paid',NULL,NULL,'2025-11-07 09:52:09.002997',NULL,NULL,'placed');
INSERT INTO store_order VALUES(23,'2025-11-08 04:56:23.769977',1,'pi_3SR4CGJgqUXlMPgm0pIMaqeN',24,'paid',NULL,NULL,'2025-11-08 04:56:23.770016',NULL,NULL,'placed');
INSERT INTO store_order VALUES(24,'2025-11-08 05:12:55.678523',1,'pi_3SR4SGJgqUXlMPgm1LC6Nfg2',24,'paid',NULL,NULL,'2025-11-08 05:12:55.678641',NULL,NULL,'placed');
INSERT INTO store_order VALUES(25,'2025-11-09 06:02:09.485752',1,'pi_1SRRhHJAJfZb9HEBPeQn7CrI',24,'paid',NULL,NULL,'2025-11-09 06:02:09.485906',NULL,NULL,'placed');
INSERT INTO store_order VALUES(26,'2025-11-09 06:08:58.229699',1,'pi_1SRRmaJAJfZb9HEBAzobcxIH',24,'paid',NULL,NULL,'2025-11-09 06:08:58.229740',NULL,NULL,'placed');
INSERT INTO store_order VALUES(27,'2025-11-11 04:29:25.044806',1,'pi_1SS9CdJAJfZb9HEBr7qvT3KY',24,'cancelled','Ekart-logistics','2025-11-28 05:37:33','2025-11-11 05:41:06.041062','2025-11-11 05:37:27','75635485HJDUDG','cancelled');
INSERT INTO store_order VALUES(28,'2025-11-13 12:12:19.344147',1,'pi_1SSzNiJAJfZb9HEBstfcYJos',24,'paid',NULL,NULL,'2025-11-13 12:12:19.344191',NULL,NULL,'placed');
INSERT INTO store_order VALUES(29,'2025-11-13 12:40:27.911341',1,'pi_1SSzoxJAJfZb9HEBdOFTpwVg',4,'paid',NULL,NULL,'2025-11-13 12:40:27.911407',NULL,NULL,'placed');
INSERT INTO store_order VALUES(30,'2025-11-13 13:05:01.720164',1,'pi_1ST0ChJAJfZb9HEBuPEMUIwx',4,'paid',NULL,NULL,'2025-11-13 13:05:01.720208',NULL,NULL,'placed');
CREATE TABLE IF NOT EXISTS "store_productimage" ("id" integer NOT NULL PRIMARY KEY AUTOINCREMENT, "image" varchar(100) NOT NULL, "alt_text" varchar(255) NULL, "created_at" datetime NOT NULL, "product_id" bigint NOT NULL REFERENCES "store_product" ("id") DEFERRABLE INITIALLY DEFERRED);
CREATE TABLE IF NOT EXISTS "cart_wishlist" ("id" integer NOT NULL PRIMARY KEY AUTOINCREMENT, "name" varchar(100) NOT NULL, "created_at" datetime NOT NULL, "customer_id" bigint NOT NULL REFERENCES "store_customer" ("id") DEFERRABLE INITIALLY DEFERRED);
INSERT INTO cart_wishlist VALUES(2,'My Wishlist','2025-11-03 12:56:17.912201',4);
INSERT INTO cart_wishlist VALUES(3,'My Wishlist','2025-11-03 13:31:18.354930',14);
INSERT INTO cart_wishlist VALUES(4,'My Wishlist','2025-11-04 12:16:56.321864',22);
INSERT INTO cart_wishlist VALUES(6,'My Wishlist','2025-11-06 06:50:13.177987',24);
INSERT INTO cart_wishlist VALUES(7,'My Wishlist','2025-11-06 12:17:04.471057',21);
INSERT INTO cart_wishlist VALUES(9,'My Wishlist','2025-11-07 07:54:30.425955',26);
INSERT INTO cart_wishlist VALUES(10,'My Wishlist','2025-11-07 09:51:14.548638',27);
INSERT INTO cart_wishlist VALUES(11,'My Wishlist','2025-11-11 06:12:45.781834',28);
CREATE TABLE IF NOT EXISTS "store_product_categories" ("id" integer NOT NULL PRIMARY KEY AUTOINCREMENT, "product_id" bigint NOT NULL REFERENCES "store_product" ("id") DEFERRABLE INITIALLY DEFERRED, "category_id" bigint NOT NULL REFERENCES "store_category" ("id") DEFERRABLE INITIALLY DEFERRED);
DELETE FROM sqlite_sequence;
INSERT INTO sqlite_sequence VALUES('django_migrations',47);
INSERT INTO sqlite_sequence VALUES('django_content_type',26);
INSERT INTO sqlite_sequence VALUES('auth_permission',104);
INSERT INTO sqlite_sequence VALUES('auth_group',0);
INSERT INTO sqlite_sequence VALUES('django_admin_log',70);
INSERT INTO sqlite_sequence VALUES('cart_wishlistitem',36);
INSERT INTO sqlite_sequence VALUES('coupons_ordercoupon',0);
INSERT INTO sqlite_sequence VALUES('reviews_review',0);
INSERT INTO sqlite_sequence VALUES('store_customer',33);
INSERT INTO sqlite_sequence VALUES('store_product',57);
INSERT INTO sqlite_sequence VALUES('users_customuser',35);
INSERT INTO sqlite_sequence VALUES('store_category',8);
INSERT INTO sqlite_sequence VALUES('store_orderitem',34);
INSERT INTO sqlite_sequence VALUES('store_shippingadderss',100);
INSERT INTO sqlite_sequence VALUES('cart_cart',41);
INSERT INTO sqlite_sequence VALUES('cart_cartitem',103);
INSERT INTO sqlite_sequence VALUES('vendors_vendor',17);
INSERT INTO sqlite_sequence VALUES('store_wishlist',2);
INSERT INTO sqlite_sequence VALUES('store_order',30);
INSERT INTO sqlite_sequence VALUES('store_contactmessage',1);
INSERT INTO sqlite_sequence VALUES('coupons_coupon',2);
INSERT INTO sqlite_sequence VALUES('cart_wishlist',11);
CREATE UNIQUE INDEX "django_content_type_app_label_model_76bd3d3b_uniq" ON "django_content_type" ("app_label", "model");
CREATE UNIQUE INDEX "auth_group_permissions_group_id_permission_id_0cd325b0_uniq" ON "auth_group_permissions" ("group_id", "permission_id");
CREATE INDEX "auth_group_permissions_group_id_b120cbf9" ON "auth_group_permissions" ("group_id");
CREATE INDEX "auth_group_permissions_permission_id_84c5c92e" ON "auth_group_permissions" ("permission_id");
CREATE UNIQUE INDEX "auth_permission_content_type_id_codename_01ab375a_uniq" ON "auth_permission" ("content_type_id", "codename");
CREATE INDEX "auth_permission_content_type_id_2f476e4b" ON "auth_permission" ("content_type_id");
CREATE UNIQUE INDEX "users_customuser_groups_customuser_id_group_id_76b619e3_uniq" ON "users_customuser_groups" ("customuser_id", "group_id");
CREATE INDEX "users_customuser_groups_customuser_id_958147bf" ON "users_customuser_groups" ("customuser_id");
CREATE INDEX "users_customuser_groups_group_id_01390b14" ON "users_customuser_groups" ("group_id");
CREATE UNIQUE INDEX "users_customuser_user_permissions_customuser_id_permission_id_7a7debf6_uniq" ON "users_customuser_user_permissions" ("customuser_id", "permission_id");
CREATE INDEX "users_customuser_user_permissions_customuser_id_5771478b" ON "users_customuser_user_permissions" ("customuser_id");
CREATE INDEX "users_customuser_user_permissions_permission_id_baaa2f74" ON "users_customuser_user_permissions" ("permission_id");
CREATE INDEX "django_admin_log_content_type_id_c4bce8eb" ON "django_admin_log" ("content_type_id");
CREATE INDEX "django_admin_log_user_id_c564eba6" ON "django_admin_log" ("user_id");
CREATE INDEX "cart_wishlistitem_product_id_c183b0d4" ON "cart_wishlistitem" ("product_id");
CREATE INDEX "cart_wishlistitem_wishlist_id_dd2c2649" ON "cart_wishlistitem" ("wishlist_id");
CREATE INDEX "coupons_ordercoupon_coupon_id_f53a018d" ON "coupons_ordercoupon" ("coupon_id");
CREATE INDEX "reviews_review_customer_id_17e79eab" ON "reviews_review" ("customer_id");
CREATE INDEX "reviews_review_product_id_ce2fa4c6" ON "reviews_review" ("product_id");
CREATE INDEX "django_session_expire_date_a5c62663" ON "django_session" ("expire_date");
CREATE INDEX "store_orderitem_order_id_acf8722d" ON "store_orderitem" ("order_id");
CREATE INDEX "store_product_name_46bbb6a9" ON "store_product" ("name");
CREATE INDEX "store_product_slug_6de8ee4b" ON "store_product" ("slug");
CREATE INDEX "store_product_category_id_574bae65" ON "store_product" ("category_id");
CREATE INDEX "store_product_vendor_id_f9abf9af" ON "store_product" ("vendor_id");
CREATE INDEX "store_orderitem_product_id_f2b098d4" ON "store_orderitem" ("product_id");
CREATE INDEX "store_shippingadderss_custamer_id_321a9222" ON "store_shippingadderss" ("custamer_id");
CREATE INDEX "store_shippingadderss_order_id_17968972" ON "store_shippingadderss" ("order_id");
CREATE INDEX "cart_cart_customer_id_bbe4c408" ON "cart_cart" ("customer_id");
CREATE INDEX "cart_cartitem_cart_id_370ad265" ON "cart_cartitem" ("cart_id");
CREATE INDEX "cart_cartitem_product_id_b24e265a" ON "cart_cartitem" ("product_id");
CREATE UNIQUE INDEX "store_wishlist_user_id_product_id_bcc1ac25_uniq" ON "store_wishlist" ("user_id", "product_id");
CREATE INDEX "store_wishlist_product_id_8af1333d" ON "store_wishlist" ("product_id");
CREATE INDEX "store_wishlist_user_id_afcc4e88" ON "store_wishlist" ("user_id");
CREATE INDEX "store_order_custamer_id_f612b27d" ON "store_order" ("custamer_id");
CREATE INDEX "store_productimage_product_id_e50e4046" ON "store_productimage" ("product_id");
CREATE INDEX "cart_wishlist_customer_id_7393ee48" ON "cart_wishlist" ("customer_id");
CREATE UNIQUE INDEX "store_product_categories_product_id_category_id_fe62df28_uniq" ON "store_product_categories" ("product_id", "category_id");
CREATE INDEX "store_product_categories_product_id_de429ba1" ON "store_product_categories" ("product_id");
CREATE INDEX "store_product_categories_category_id_be6ba102" ON "store_product_categories" ("category_id");
COMMIT;
